,track_name,artist_name,track_id,danceability,energy,loudness,speechiness,acousticness,instrumentalness,liveness,valence,tempo,time_signature
0,Loser,3 Doors Down,1aC1IBAETh2XYGOE8kCC6t,0.493,0.88,-6.424,0.0693,0.0108,2.66e-05,0.226,0.389,147.913,4
1,Hanging by a Moment,Lifehouse,0wqOReZDnrefefEsrIGeR4,0.541,0.864,-4.915,0.0357,0.00118,0,0.0896,0.435,124.557,4
2,Kryptonite,3 Doors Down,6ZOBP3NvffbU4SZcrnt1k6,0.545,0.865,-5.708,0.0286,0.00664,1.1e-05,0.168,0.543,99.009,4
3,Otherside,Red Hot Chili Peppers,64BbK9SFKH2jk86U3dGj2P,0.458,0.795,-3.265,0.0574,0.00316,0.000202,0.0756,0.513,123.229,4
4,Hemorrhage (In My Hands),Fuel,1sjrDQXqAa9V07FjKIlAQ4,0.301,0.823,-4.072,0.0433,0.000144,0.000309,0.0833,0.372,152.017,4
5,Butterfly,Crazy Town,4BggEwLhGfrbrl7JBhC8EC,0.736,0.811,-4.17,0.081,0.00132,0.000142,0.107,0.609,103.502,4
6,With Arms Wide Open,Creed,0eKyHwckh9vQb8ncZ2DXCs,0.41,0.539,-8.412,0.0302,0.00425,0.00089,0.117,0.141,138.852,4
7,Drive,Incubus,7nnWIPM5hwE3DaUBkvOIpy,0.645,0.792,-7.34,0.036,0.0562,0.0121,0.119,0.666,90.565,4
8,Why Pt. 2,Collective Soul,7ldnttFcRZRgfLSNmDbSSg,0.668,0.647,-4.946,0.0813,0.0284,0.000349,0.134,0.747,121.628,3
9,Last Resort,Papa Roach,5W8YXBz9MTIDyrpYaCg2Ky,0.589,0.89,-3.719,0.0603,0.000481,0.00082,0.201,0.692,90.598,4
10,Awake,Godsmack,6xXlurslWqFuyqTCBlErzX,0.395,0.756,-4.12,0.0544,1.74e-05,0.00665,0.319,0.475,112.092,4
11,Outside,Aaron Lewis,6eSrE9uc8oqyxXMfzdbZMC,0.358,0.429,-9.569,0.0337,0.801,0.000176,0.975,0.202,145.482,4
12,Rollin' (Air Raid Vehicle),Limp Bizkit,3IV4swNduIRunHREK80owz,0.603,0.933,-3.358,0.171,0.00591,0,0.206,0.709,96.306,4
13,I Disappear,Metallica,51Vic2Yi71YKNtLbyJKgQt,0.534,0.929,-3.609,0.047,0.000206,5.58e-05,0.036,0.447,122.733,4
14,One Step Closer,Linkin Park,3K4HG9evC7dg3N0R9cYqk4,0.492,0.969,-4.419,0.0491,0.0014,1.32e-06,0.0787,0.538,95.136,4
15,Pardon Me,Incubus,1Y13csEpu3TK5gQdzGLrd8,0.579,0.812,-6.509,0.0693,0.00114,0.00333,0.115,0.278,152.002,4
16,Take A Picture,Filter,6q4aoWgTQ8td2AvqQXuFqm,0.541,0.776,-8.042,0.0298,0.00147,0.000221,0.178,0.282,98.986,4
17,Californication,Red Hot Chili Peppers,48UPSzbZjgc449aqz8bxox,0.592,0.767,-2.788,0.027,0.0021,0.00165,0.127,0.328,96.483,4
18,Miserable,Lit,2zLZuZFgf4mn3af8wILpHS,0.424,0.706,-3.548,0.0404,0.00384,0,0.395,0.294,82.081,4
19,The Real Slim Shady,Eminem,3yfqSUWxFvZELEM4PmlwIR,0.949,0.661,-4.244,0.0572,0.0302,0,0.0454,0.76,104.504,4
20,Minority,Green Day,4qjfQnccStTR8zNsb6Mizo,0.551,0.965,-2.772,0.0452,0.00576,0,0.171,0.708,137.841,4
21,Rollin' (Urban Assault Vehicle),Limp Bizkit,3nsxMrnYlfBNotHRevTRgM,0.589,0.884,-4.918,0.324,0.0451,0,0.0904,0.439,90.036,4
22,The Everlasting Gaze,The Smashing Pumpkins,4EhbLHYOXzEoPmOfaVoIIW,0.264,0.936,-5.067,0.0946,0.000101,0.594,0.199,0.351,146.837,4
23,Voodoo,Godsmack,5uGsG0LfotfWDq6hql4h53,0.778,0.613,-9.897,0.0488,0.17,2.56e-06,0.102,0.853,120.005,4
24,Only God Knows Why,Kid Rock,1rAzW6aco1ZtxLRx4XOagB,0.628,0.749,-5.18,0.03,0.0569,0.00204,0.134,0.31,129.2,4
25,Again,Lenny Kravitz,5c1QJAiC3773EwiZLwHf5x,0.55,0.804,-5.218,0.0271,0.0148,4.33e-05,0.105,0.789,79.166,4
26,Everything You Want,Vertical Horizon,4cKGldbhGJniI8BrB3K6tb,0.636,0.761,-6.389,0.0306,0.0517,0,0.0642,0.736,93.896,4
27,Original Prankster,The Offspring,6gfDXAX85YWdVwxpbz0npv,0.664,0.877,-4.251,0.0334,0.000542,2.95e-05,0.284,0.961,146.804,4
28,Little Black Backpack,Stroke 9,36n3OdHmEJqvWl5Ut2pDtF,0.316,0.778,-5.375,0.0441,0.00115,0,0.227,0.311,120.292,3
29,Guerrilla Radio,Rage Against The Machine,1wsRitfRRtWyEapl0q22o8,0.599,0.957,-5.764,0.188,0.0129,7.06e-05,0.155,0.489,103.68,4
30,Yellow,Coldplay,3AJwUDP919kvQ9QcozQPxg,0.429,0.661,-7.227,0.0281,0.00239,0.000121,0.234,0.285,173.372,4
31,Stiff Upper Lip,AC/DC,1KBuhAHzia2qoD4u6YhvER,0.588,0.851,-4.206,0.033,0.0344,0.00773,0.16,0.706,123.691,4
32,South Side,Moby,49bUJjrC16NgnrgGS75Yan,0.61,0.723,-7.572,0.0422,0.0103,0.0447,0.0748,0.45,97.147,4
33,Stand Inside Your Love,The Smashing Pumpkins,3RciEQxS7PxtLqMs7OwRsU,0.271,0.759,-7.419,0.0327,3.37e-06,0.842,0.335,0.381,136.081,4
34,Falling Away From Me,Korn,2F6FfZ4w8z3eJpSxPotVO5,0.468,0.769,-7.036,0.041,0.00014,0.00124,0.271,0.17,104.102,4
35,Warning,Green Day,0ue0gFLwvXd8qZIPg35Qiu,0.728,0.92,-2.828,0.0294,0.0673,1.61e-05,0.199,0.892,120.989,4
36,Sour Girl,Stone Temple Pilots,6wNwHBUjsessjRioNVFbaO,0.394,0.663,-6.619,0.0295,0.0769,0.00644,0.239,0.737,207.575,4
37,Beautiful Day,U2,1VuBmEauSZywQVtqbxNqka,0.539,0.926,-6.495,0.0499,0.014,0.00136,0.36,0.454,136.279,4
38,The Bad Touch,Bloodhound Gang,5EYdTPdJD74r9EVZBztqGG,0.831,0.735,-6.254,0.0384,0.00397,0.0205,0.123,0.97,122.979,4
39,Change (In the House of Flies),Deftones,51c94ac31swyDQj9B3Lzs3,0.269,0.853,-4.647,0.0854,0.000249,0.000246,0.118,0.179,141.581,4
40,Stellar,Incubus,6ISuXA3UCPMtsyEUGUTAyn,0.582,0.765,-6.544,0.0376,0.00106,0.0506,0.344,0.528,128.164,4
41,Wonderful,Everclear,0WHOPmOuQKuu05k4g3UTvk,0.514,0.817,-6.489,0.05,0.0118,8.25e-06,0.346,0.734,186.765,4
42,Judith,A Perfect Circle,5KDNFlHAdDJ84fhK27c35X,0.366,0.894,-4.682,0.0568,3.45e-05,0.17,0.267,0.304,82.305,3
43,Optimistic,Radiohead,1FoUsSi9BCTlNt2Vd7V8XA,0.402,0.757,-9.931,0.0371,0.0496,0.846,0.305,0.573,157.96,4
44,What If,Creed,22bX2FwXSvG49G0bPWm5nc,0.433,0.895,-5.548,0.0587,0.000127,1.7e-05,0.358,0.246,149.896,4
45,Weapon & The Wound,Days Of The New,3aK2kWz8YJZKzfNr4VJnE5,0.611,0.637,-6.479,0.0262,0.109,0.0013,0.111,0.369,132.211,4
46,Shape of My Heart,Backstreet Boys,35o9a4iAfLl5jRmqMX9c1D,0.575,0.786,-4.353,0.0296,0.252,0,0.159,0.518,96.102,4
47,Serious JuJu,Sammy Hagar,6iqqG1budDq1s8FRB9ylFe,0.528,0.835,-6.263,0.04,0.0232,0.0839,0.189,0.258,106.002,4
48,Right Now,SR-71,3iwsyTZzOWHZbHffBEyi1N,0.524,0.967,-3.322,0.0392,0.000289,7.41e-06,0.324,0.731,116.273,4
49,Nothing As It Seems,Pearl Jam,1pNSYQkmeFSqsSOGwwxs5L,0.241,0.508,-9.791,0.0275,0.0362,0.599,0.167,0.0445,140.627,4
50,Ex-Girlfriend,No Doubt,5ECMRJbRlj0FZRg9cRg94m,0.546,0.907,-4.117,0.09,0.0135,0.00232,0.169,0.654,173.178,4
51,Into The Void,Nine Inch Nails,55Ilqi0tkzElAOqDPixuDU,0.712,0.796,-5.926,0.0435,0.145,0.0475,0.076,0.361,93.046,4
52,Adam's Song,Blink-182,6xpDh0dXrkVp0Po1qrHUd8,0.52,0.775,-5.803,0.0348,0.034,0,0.364,0.382,136.028,4
53,The Great Beyond,R.E.M.,7w57O4o0xCTn9YpKuaPZDd,0.329,0.747,-6.411,0.0297,0.125,2.08e-06,0.197,0.177,109.702,4
54,So Sad To Say,The Mighty Mighty Bosstones,6aSvrNcJuoKOA9uwMXZI1D,0.455,0.919,-2.707,0.0486,0.00112,0.000128,0.148,0.759,181.088,4
55,Voices,Disturbed,47H4oc7Zkihwae7ST7F4zp,0.589,0.983,-2.521,0.121,0.000116,0.00211,0.0628,0.469,110.007,4
56,Rise,Gabrielle,6wpfoKaI2qTMWoduhrMspf,0.555,0.48,-9.524,0.0256,0.314,1.28e-05,0.094,0.621,144.654,4
57,Simple Kind Of Life,No Doubt,3CY7wjLc1CaAIrp9buEWhG,0.576,0.849,-5.199,0.0355,0.0678,0,0.278,0.482,119.999,4
58,When It All Goes Wrong Again,Everclear,3HBaF3RNVlpO16QupGGRBZ,0.265,0.97,-4.841,0.123,5.88e-05,0.00227,0.294,0.272,197.937,4
59,Man Overboard,Blink-182,1PRknVhZ6BsVX61MPrrVsV,0.218,0.921,-4.414,0.0602,0.00133,7.66e-06,0.0777,0.612,196.291,4
60,Silver Future,Monster Magnet,7kv2c8CpQ3SPwaISPimmBa,0.574,0.829,-5.677,0.0385,0.000699,0.142,0.21,0.479,99.878,4
61,Breathless,The Corrs,5OQGeJ1ceykovrykZsGhqL,0.607,0.82,-7.754,0.0597,0.0541,6.8e-05,0.269,0.768,126.988,4
62,Make Me Bad,Korn,286ek1kspX7VFaheXFSvPk,0.531,0.793,-6.889,0.0496,0.000192,0.0241,0.229,0.417,110.003,4
63,Never Let You Go,Third Eye Blind,3kRfBrDqWnoSArV7erncZi,0.735,0.928,-6.115,0.0377,0.108,0.000398,0.0578,0.966,113.765,4
64,Take a Look Around,Limp Bizkit,2avKuMN2QXkaG9vvHa2JLt,0.425,0.852,-5.607,0.046,0.0175,0.306,0.0935,0.512,101.968,4
65,AM Radio,Everclear,03gsb1WnVQUuLqChBvzmoo,0.622,0.964,-4.314,0.0832,0.0636,1.03e-05,0.235,0.609,92.973,4
66,If You're Gone,matchbox twenty,2f5N826udWfjT9iomeaBJt,0.544,0.659,-7.191,0.0298,0.427,1.33e-06,0.126,0.361,109.933,4
67,Young Lust,Pink Floyd,3xGJuHvSxFJxxYlHj5BIoT,0.615,0.55,-13.858,0.0349,0.0546,0.19,0.747,0.549,95.488,4
68,Promise,Eve 6,5mqEL5pgnDCcWtTWpAofIV,0.62,0.85,-4.096,0.0327,0.00791,0,0.0769,0.715,107.982,4
69,It's My Life,Bon Jovi,0v1XpBHnsbkCn7iJ9Ucr1l,0.551,0.913,-4.063,0.0466,0.0263,1.35e-05,0.347,0.544,119.992,4
70,Never Gonna Come Back Down,BT,5I3eSFsQL7mIZZssKTolon,0.533,0.956,-4.219,0.169,0.00113,0.000115,0.704,0.553,136.007,4
71,Warm Machine,Bush,4DuTm2YZSxck0LhQDUs8Qs,0.176,0.885,-3.279,0.0651,0.00102,0.000174,0.233,0.292,143.706,4
72,Babylon,David Gray,5jLqVCGlKNYrLqCA1Qy4FV,0.737,0.543,-10.403,0.0374,0.0598,0.01,0.103,0.256,112.016,4
73,Painted Perfect,One Way Ride,35mWGe9tTtfmmJF0ubpSas,0.391,0.845,-6.598,0.0356,0.000721,0.0263,0.0796,0.427,138.804,4
74,Flowing,311,3p6VOdsqF0GPnNFoBd0x88,0.533,0.952,-4.992,0.0436,0.003,0,0.251,0.195,125.98,4
75,Next Year,Foo Fighters,1WwWjG2FGbBK6IkBBTknao,0.415,0.865,-2.789,0.0379,0.00551,0.103,0.274,0.465,176.864,4
76,The Hollow,A Perfect Circle,4XDBEoD6QFnzDY5oMmNVXN,0.295,0.789,-5.559,0.0702,0.000166,0.0898,0.0986,0.515,104.135,4
77,Heaven & Hot Rods,Stone Temple Pilots,3MVgLX5TBsn1xQ8gtmXhyW,0.4,0.996,-4.452,0.0882,0.00127,0,0.409,0.0612,131.056,4
78,Teenage Dirtbag,Wheatus,3LI4MmibTkXH5cGpCGZgyw,0.617,0.84,-4.063,0.0512,0.36,8.85e-05,0.179,0.57,94.676,4
79,I Turn to You,Melanie C,1Le4SDanBrX8OtmnnyTNrh,0.522,0.803,-5.825,0.0327,0.00117,0.00167,0.31,0.0783,135.205,4
80,Karma,Diffuser,0XDFGM6Zm304LgeFkWv5nJ,0.374,0.763,-6.005,0.0375,3.37e-05,0.0256,0.0914,0.621,93.807,4
81,Light Years,Pearl Jam,1Tnixg8lMEydzmBsZzxQpR,0.388,0.726,-6.911,0.0341,0.0447,0.113,0.213,0.746,205.07,4
82,Letting the Cables Sleep,Bush,4mn3mydzkoVgDOiSqNOEG1,0.326,0.306,-14.549,0.0347,0.749,0.109,0.0882,0.217,204.047,4
83,Are You Ready?,Creed,2DZuw7l7616rrJmI7GMRjA,0.433,0.881,-5.635,0.0417,2.51e-05,0.00377,0.0921,0.382,144.85,4
84,Nobody's Real,Powerman 5000,2VGf3YQ6Zfzb6YyDatYAcY,0.697,0.819,-3.407,0.0762,0.0278,1.04e-05,0.0198,0.698,119.959,4
85,Step into the Light,Dust for Life,49oEfdO5AGInIfXoyud5eo,0.489,0.899,-4.56,0.035,7.22e-05,0.000351,0.324,0.511,141.915,4
86,On The Roof Again,Eve 6,2L50S184moxNmEiJe00zzP,0.603,0.915,-4.866,0.0486,0.000732,0,0.363,0.796,124.129,4
87,How You Remind Me,Nickelback,0gmbgwZ8iqyMPmXefof8Yf,0.446,0.764,-5.042,0.033,0.00135,0,0.099,0.543,172.094,4
88,It's Been Awhile,Staind,25CMmGsl22APKhfuj4Tp7j,0.509,0.774,-4.054,0.0338,0.00189,0.000549,0.143,0.0824,116.529,4
89,Blurry,Puddle of Mudd,6lSr3iZTC144PKhvbPFzMp,0.431,0.938,-4.507,0.0542,0.00805,0,0.138,0.523,157.462,4
90,Wasting My Time,Default,5dpAN1mjFPL38kh9kWsCiw,0.449,0.776,-5.594,0.0322,0.00171,0,0.0698,0.198,148.11,4
91,Hanging By A Moment,Lifehouse,0wqOReZDnrefefEsrIGeR4,0.541,0.864,-4.915,0.0357,0.00118,0,0.0896,0.435,124.557,4
92,My Sacrifice,Creed,2VSbEXqs6NbNiZSTcHlIDR,0.32,0.88,-6.035,0.0504,0.000101,4.31e-06,0.076,0.257,146.349,4
93,Butterfly,Crazy Town,4BggEwLhGfrbrl7JBhC8EC,0.736,0.811,-4.17,0.081,0.00132,0.000142,0.107,0.609,103.502,4
94,In the End,Linkin Park,60a0Rd6pjrkxjPbaKzXjfq,0.556,0.864,-5.87,0.0584,0.00958,0,0.209,0.4,105.143,4
95,Too Bad,Nickelback,2cCWbBmadLbKvr9xddC79R,0.598,0.808,-5.209,0.0388,0.00304,0,0.147,0.288,128.025,4
96,The Middle,Jimmy Eat World,6GG73Jik4jUlQCkKg9JuGO,0.643,0.849,-5.428,0.0526,0.0371,0,0.058,0.903,162.152,4
97,Youth of the Nation,P.O.D.,0UrWr7Jnu1heq1o99ZwUd0,0.563,0.86,-7.533,0.0621,0.00834,0.0106,0.39,0.517,97.867,4
98,Awake,Godsmack,6xXlurslWqFuyqTCBlErzX,0.395,0.756,-4.12,0.0544,1.74e-05,0.00665,0.319,0.475,112.092,4
99,Smooth Criminal,Alien Ant Farm,5z6xHjCZr7a7AIcy8sPBKy,0.653,0.964,-4.261,0.0582,0.00316,0.00512,0.144,0.87,126.928,4
100,For You,Staind,464HG7mt7NNKtKY0Hco8Y8,0.318,0.958,-2.683,0.442,0.0603,4.68e-06,0.0981,0.3,163.089,4
101,Jaded,Aerosmith,4iihDHIoKZdOeOW1kFDUtR,0.517,0.89,-4.033,0.0539,0.005,1.47e-05,0.0824,0.632,118.009,4
102,Thank You,Dido,751gBcu62kORDelX7FV0mM,0.722,0.595,-9.928,0.0415,0.284,0.00054,0.0694,0.738,79.981,4
103,Warning,Green Day,0ue0gFLwvXd8qZIPg35Qiu,0.728,0.92,-2.828,0.0294,0.0673,1.61e-05,0.199,0.892,120.989,4
104,Crawling in the Dark,Hoobastank,1PJRDeZSoZk7gtisdTYfLi,0.588,0.927,-4.776,0.113,0.000305,3.83e-05,0.195,0.652,93.571,4
105,One Step Closer,Linkin Park,3K4HG9evC7dg3N0R9cYqk4,0.492,0.969,-4.419,0.0491,0.0014,1.32e-06,0.0787,0.538,95.136,4
106,Duck and Run,3 Doors Down,0s8OsDxW96cl290PcsI2mX,0.524,0.919,-5.505,0.0436,0.0149,7.05e-05,0.131,0.848,87.931,4
107,Control,Puddle of Mudd,575Sz3R4xOhueUstPObylF,0.444,0.913,-3.452,0.0992,0.00308,0,0.38,0.569,163.689,4
108,Yellow,Coldplay,3AJwUDP919kvQ9QcozQPxg,0.429,0.661,-7.227,0.0281,0.00239,0.000121,0.234,0.285,173.372,4
109,Alive,P.O.D.,0KSpHNE0VOgOh9esiCb0ut,0.409,0.952,-3.761,0.0756,1.23e-05,0.000156,0.31,0.55,80.899,4
110,Follow Me,Uncle Kracker,4KoecuyOpZaNFZ0UqVsllc,0.817,0.585,-4.688,0.0301,0.439,0,0.147,0.916,105.014,4
111,Breakdown,Tantric,6tpGF2kYnrqO0S44jKxduZ,0.569,0.945,-5.673,0.0503,0.00936,0,0.121,0.483,100.04,4
112,Wish You Were Here,Incubus,6KtLECDztnah63TNmV4Plw,0.246,0.768,-7.48,0.0387,0.000631,0.301,0.102,0.35,169.873,4
113,Crawling,Linkin Park,57BrRMwf9LrcmuOsyGilwr,0.58,0.702,-5.565,0.0337,0.0466,3.2e-06,0.536,0.299,105.076,4
114,Fat Lip,Sum 41,4KacUpvbA3Mfo05gttTjhN,0.402,0.914,-5.215,0.142,0.000579,0,0.065,0.626,196.505,4
115,My Way,Limp Bizkit,2gSVKxPDww9Eep5rdvtdem,0.576,0.864,-3.981,0.0462,0.02,1.68e-06,0.683,0.609,97.225,4
116,"Whenever, Wherever",Shakira,2lnzGkdtDj5mtlcOW2yRtG,0.794,0.832,-4.862,0.0407,0.237,1.14e-05,0.203,0.871,107.657,4
117,Lickin',The Black Crowes,4hH5CgAmWOJXm1bnGkUOLM,0.745,0.685,-8.427,0.045,0.0018,0.0128,0.568,0.968,125.529,4
118,Hash Pipe,Weezer,2mPMFJvQ0v27gVqe5b6nDn,0.578,0.882,-6.354,0.044,0.000121,0.479,0.284,0.623,125.603,4
119,Defy You,The Offspring,5VBVIcMh6CWy8szP3U0Ttp,0.491,0.841,-3.651,0.0387,0.000609,2.4e-06,0.131,0.669,92.297,4
120,Nice to Know You,Incubus,77eRSoQbDt4qHlAhUqovmy,0.515,0.864,-5.384,0.0478,0.00182,7.32e-05,0.108,0.232,153.966,4
121,Your Disease,Saliva,1SpjTDqWwEMche6JR9iOYz,0.376,0.963,-2.99,0.0782,9.31e-06,0.925,0.343,0.505,159.887,4
122,When It All Goes Wrong Again,Everclear,3HBaF3RNVlpO16QupGGRBZ,0.265,0.97,-4.841,0.123,5.88e-05,0.00227,0.294,0.272,197.937,4
123,Fade,Staind,70b6WxS0cjxbQqvdu4Q4Sa,0.471,0.846,-3.632,0.0416,0.00209,0.0369,0.126,0.255,116.469,4
124,The Rock Show,Blink-182,2ydUT1pFhuLDnouelIv4WH,0.41,0.959,-4.563,0.0869,0.000324,0,0.0766,0.83,193.155,4
125,Clint Eastwood,Gorillaz,7yMiX7n9SBvadzox8T5jzT,0.663,0.694,-8.627,0.171,0.0253,0,0.0698,0.525,167.953,4
126,Greed,Godsmack,1POl67wsGLRP5e0oeZHUgh,0.518,0.744,-6.312,0.0428,1.65e-05,2.38e-05,0.147,0.679,102.887,4
127,Down with the Sickness,Disturbed,40rvBMQizxkIqnjPdEWY1v,0.695,0.876,-4.262,0.0553,0.000996,6.89e-06,0.106,0.941,89.954,4
128,Soul Singing,The Black Crowes,53iyt9vi8jhkOqpYVVwkf9,0.382,0.615,-11.285,0.037,0.0298,9.8e-05,0.228,0.578,168.614,4
129,Tainted Love,Marilyn Manson,0cOyhnhy13lc5G5nr4EF0q,0.637,0.95,-4.4,0.109,0.00104,7.35e-06,0.288,0.511,142.018,4
130,Hey Pretty,Poe,1IBEqJDBmNzoEiSBKaUvji,0.537,0.846,-6.656,0.0361,0.0469,0.00114,0.146,0.526,104.899,4
131,Last Nite,The Strokes,3SUusuA9jH1v6PVwtYMbdv,0.624,0.899,-5.709,0.0296,0.0221,0.000137,0.0975,0.79,104.061,4
132,Killing The Fly,The Union Underground,5soCqO6QzwbmjQNkqjDw4R,0.554,0.926,-5.17,0.0621,0.0115,0.0801,0.247,0.594,115.064,4
133,Chop Suey!,System Of A Down,2DlHlPMa4M17kufBvI2lEN,0.417,0.934,-3.908,0.119,0.000278,0.0015,0.132,0.287,127.066,4
134,The Hollow,A Perfect Circle,4XDBEoD6QFnzDY5oMmNVXN,0.295,0.789,-5.559,0.0702,0.000166,0.0898,0.0986,0.515,104.135,4
135,The One,Foo Fighters,1UbZVvN4mSOmDvn4er7IKB,0.511,0.95,-4.155,0.0725,0.001,1.44e-05,0.079,0.514,162.072,4
136,Days of the Week,Stone Temple Pilots,3gbSjtYQVoO9Zy9UZpsvFU,0.568,0.879,-4.694,0.0452,5.54e-05,1.81e-05,0.13,0.794,115.628,3
137,Gets Me Through,Ozzy Osbourne,4MN0ZmFppiiQsPE9HQKKsH,0.431,0.835,-6.162,0.0392,0.000623,0.000149,0.428,0.303,147.982,4
138,The Way You Like It,Adema,6adhpSbrhat9S0WEVjf4HP,0.424,0.936,-4.541,0.147,0.000249,0,0.0707,0.761,164.175,4
139,Hit Or Miss,New Found Glory,2JGfAzStXQ1VEo6H4l6rSR,0.418,0.986,-5.475,0.111,0.000157,0.000155,0.236,0.602,175.347,4
140,Voices,Disturbed,47H4oc7Zkihwae7ST7F4zp,0.589,0.983,-2.521,0.121,0.000116,0.00211,0.0628,0.469,110.007,4
141,Drops of Jupiter (Tell Me),Train,2hKdd3qO7cWr2Jo0Bcs0MA,0.481,0.638,-5.862,0.0276,0.153,0,0.154,0.497,79.064,4
142,Step Into The Light,Dust For Life,49oEfdO5AGInIfXoyud5eo,0.489,0.899,-4.56,0.035,7.22e-05,0.000351,0.324,0.511,141.915,4
143,Lateralus,Tool,7tvuLLroI0n6uYBWuFig5d,0.387,0.677,-8.399,0.084,0.00108,0.871,0.101,0.371,172.812,3
144,Digital Bath,Deftones,2jSJm3Gv6GLxduWLenmjKS,0.338,0.859,-4.938,0.0824,0.00122,0.211,0.0936,0.504,92.966,4
145,Rise,The Cult,1TbihmZ2BtE4JP6C85I0zZ,0.349,0.92,-3.44,0.0607,2.33e-05,0.0259,0.0365,0.417,148.521,4
146,Photograph,Weezer,4hA3OFMvHCFCK3TfJYdbif,0.463,0.899,-4.554,0.0459,9.33e-05,0.00145,0.395,0.404,124.796,4
147,Bodies,Drowning Pool,7CpbhqKUedOIrcvc94p60Y,0.656,0.932,-3.405,0.0708,0.00347,0.00147,0.144,0.544,130.936,4
148,First Date,Blink-182,1fJFuvU2ldmeAm5nFIHcPP,0.579,0.928,-4.344,0.0411,0.000715,0,0.18,0.882,95.594,4
149,Elevation,U2,0RHPoliIwT6ddbPugZNitX,0.581,0.804,-8.093,0.0361,0.00105,0.000289,0.05,0.418,110.022,4
150,Bleed American,Jimmy Eat World,61XspFITuKmAlYdQacNCbF,0.438,0.938,-5.611,0.094,0.00842,1.08e-06,0.806,0.584,160.212,4
151,Hang On To This,Days Of The New,23Upadj83RZRSIeDdbRKHm,0.47,0.929,-5.206,0.0411,0.000466,0,0.308,0.733,145.874,4
152,Karma,Diffuser,0XDFGM6Zm304LgeFkWv5nJ,0.374,0.763,-6.005,0.0375,3.37e-05,0.0256,0.0914,0.621,93.807,4
153,It Don't Matter,Rehab,4OhDlODBpYNg4tuWHh8kj2,0.673,0.82,-5.265,0.17,0.0462,0,0.129,0.718,87.231,4
154,I Did It,Dave Matthews Band,4u1WFYkW7pFmFvyUqUKP16,0.578,0.86,-6.011,0.0366,0.00582,0,0.246,0.512,108.051,4
155,Sick Cycle Carousel,Lifehouse,67OTvR4W0NFEWLrQRL2QGw,0.447,0.801,-5.237,0.0308,0.00131,1.16e-06,0.0803,0.42,95.46,4
156,Superman Inside,Eric Clapton,7lYz5d0fji4HHGtjXKYW1E,0.541,0.883,-3.272,0.031,0.00162,0,0.0792,0.607,118.956,4
157,Flavor of the Weak,American Hi-Fi,1UkMAtLU8NxsddE7j4zXGO,0.39,0.967,-1.946,0.0644,0.000758,1.74e-05,0.302,0.488,151.944,4
158,Make It Right,Econoline Crush,6O1pQ6S1sUpGoCQRNca4X8,0.426,0.96,-2.481,0.115,0.000258,0.0011,0.243,0.419,94.393,4
159,Safe In New York City,AC/DC,6xs17NF4X10Y7UGwto7S7Z,0.494,0.881,-4.773,0.037,0.0111,0.00953,0.104,0.623,160.942,4
160,Wherever You Will Go,The Calling,5QpaGzWp0hwB5faV8dkbAz,0.558,0.719,-5.113,0.0267,0.0367,0,0.115,0.371,112.027,4
161,Beginning Of The End,Systematic,5S2ql2PQ9OlZ4gFq2XKGr8,0.507,0.973,-5.141,0.0849,7.47e-05,6.41e-05,0.608,0.212,104.952,4
162,Moto Psycho,Megadeth,3Y1RpdfnVud1r7SMRiP7Su,0.536,0.951,-3.813,0.0805,4.06e-05,0.266,0.16,0.551,127.423,4
163,Name Of The Game,The Crystal Method,4XKEVz0X1BIDhCAfb782tm,0.522,0.933,-4.086,0.0544,0.000113,0.724,0.112,0.679,181.957,4
164,What Took You So Long?,Emma Bunton,6WJtzSaXumGZ7pIa0z7QIP,0.668,0.772,-5.4,0.0307,0.123,0,0.341,0.911,118.011,4
165,Politically Correct,SR-71,6saQpuNZKYNZNdHHmI8P6X,0.465,0.871,-4.78,0.0545,0.000294,0,0.301,0.552,171.67,4
166,Makin' Money,Handsome Devil,6mQhxgdu2ytgzBgRt8XaWl,0.554,0.916,-3.846,0.0439,6.3e-05,0,0.397,0.763,134.025,4
167,Are You There?,Oleander,1zpEq6lazlXMi3DS0Aek8A,0.431,0.944,-5.627,0.0921,0.00292,1.38e-05,0.13,0.424,170.22,4
168,Again,Lenny Kravitz,5c1QJAiC3773EwiZLwHf5x,0.55,0.804,-5.218,0.0271,0.0148,4.33e-05,0.105,0.789,79.166,4
169,Be Like That,3 Doors Down,3PbHle8KhJp6GuO1jLdEmQ,0.487,0.702,-6.043,0.0238,0.00528,4.97e-06,0.129,0.306,95.982,4
170,Walk On,U2,3yjGZ9mlBxlGih186finfS,0.528,0.832,-6.421,0.0269,0.00417,0.000435,0.25,0.6,100.18,4
171,My Happiness,Powderfinger,2pxxVkNhrRST8fpgA12ru8,0.445,0.823,-5.415,0.0302,0.00163,0,0.43,0.487,85.935,4
172,God Gave Me Everything,Mick Jagger,020X55mawvXGASoewg14Dj,0.579,0.838,-4.783,0.0273,0.000164,0.00682,0.0634,0.695,128.889,4
173,What A Day,Nonpoint,0MNGa7b9CeHGWpbDBCtULC,0.52,0.731,-6.696,0.0391,0.000412,0.00929,0.127,0.393,96.993,4
174,When I'm Gone,3 Doors Down,3WbphvawbMZ8FyqDxYGdSQ,0.53,0.768,-5.611,0.0284,0.00385,0,0.103,0.374,148.095,4
175,Blurry,Puddle Of Mudd,6lSr3iZTC144PKhvbPFzMp,0.431,0.938,-4.507,0.0542,0.00805,0,0.138,0.523,157.462,4
176,By the Way,Red Hot Chili Peppers,1f2V8U1BiWaC9aJWmpOARe,0.451,0.97,-4.938,0.107,0.0264,0.00355,0.102,0.198,122.444,4
177,Headstrong,Trapt,1AEYT6VxrxXPMoQUxsY0E4,0.492,0.896,-5.819,0.117,0.000172,2.78e-06,0.189,0.534,184.981,4
178,The Middle,Jimmy Eat World,6GG73Jik4jUlQCkKg9JuGO,0.643,0.849,-5.428,0.0526,0.0371,0,0.058,0.903,162.152,4
179,Too Bad,Nickelback,2cCWbBmadLbKvr9xddC79R,0.598,0.808,-5.209,0.0388,0.00304,0,0.147,0.288,128.025,4
180,All My Life,Foo Fighters,6tsojOQ5wHaIjKqIryLZK6,0.577,0.604,-5.703,0.0495,0.000218,0.000579,0.477,0.637,167.719,4
181,Always,Saliva,7kpa6MWRrPaF3b6C0DgioK,0.363,0.906,-4.415,0.0615,0.0122,0,0.172,0.371,181.964,4
182,No One Knows,Queens of the Stone Age,6NvRxjfYkkT2SpirAlmsjH,0.507,0.588,-4.881,0.0641,0.0359,0.000129,0.373,0.637,170.889,4
183,Youth Of The Nation,P.O.D.,0UrWr7Jnu1heq1o99ZwUd0,0.563,0.86,-7.533,0.0621,0.00834,0.0106,0.39,0.517,97.867,4
184,The Red,Chevelle,1gyee1JuFFiP476LQpRMYU,0.509,0.843,-3.318,0.0488,0.000671,0.000803,0.348,0.332,140.055,3
185,You Know You're Right,Nirvana,5O8L4I2S4izFGDjvP7xAKv,0.289,0.716,-6.53,0.106,0.0407,0.00123,0.135,0.344,168.049,4
186,For You,Staind,464HG7mt7NNKtKY0Hco8Y8,0.318,0.958,-2.683,0.442,0.0603,4.68e-06,0.0981,0.3,163.089,4
187,Wasting My Time,Default,5dpAN1mjFPL38kh9kWsCiw,0.449,0.776,-5.594,0.0322,0.00171,0,0.0698,0.198,148.11,4
188,Fine Again,Seether,4eTIe5eqds88bA9ua6p5p6,0.442,0.855,-2.985,0.0288,0.00049,0.0137,0.273,0.363,175.543,4
189,Aerials,System of a Down,4e9eGQYsOiBcftrWXwsVco,0.364,0.922,-4.217,0.0567,0.000915,0.0346,0.0697,0.227,79.342,4
190,She Hates Me,Puddle of Mudd,16DhvbuyvJob4Q9GHNYu2n,0.58,0.748,-5.433,0.0323,0.00935,0,0.753,0.584,109.781,4
191,One Last Breath,Creed,42T2QQv3xgBlpQxaSP7lnK,0.386,0.677,-5.83,0.0346,0.00841,0.00366,0.341,0.195,126.602,4
192,I Stand Alone,Godsmack,44NRdYQw7P0GWuiunRv3hr,0.217,0.92,-4.479,0.0628,2.86e-05,0,0.102,0.376,167.169,4
193,Last Nite,The Strokes,3SUusuA9jH1v6PVwtYMbdv,0.624,0.899,-5.709,0.0296,0.0221,0.000137,0.0975,0.79,104.061,4
194,First Date,Blink-182,1fJFuvU2ldmeAm5nFIHcPP,0.579,0.928,-4.344,0.0411,0.000715,0,0.18,0.882,95.594,4
195,Poem,Taproot,7mQwxVogsnpR3h6AJLQLlR,0.364,0.912,-2.968,0.107,0.000104,0.0025,0.086,0.666,105.368,4
196,Bother,Stone Sour,0AfIsqZ4gTUg9CwwW2jLeK,0.272,0.281,-7.634,0.0287,0.388,2.29e-05,0.158,0.141,89.914,4
197,Prayer,Disturbed,3HGctlDltHdllOSTogGKhJ,0.65,0.914,-4.672,0.0716,0.000642,1.23e-06,0.0251,0.586,99.107,4
198,Never Again,Nickelback,3K8rbysInYs6bEhMGgm0wh,0.592,0.907,-3.651,0.0541,0.000428,2.09e-05,0.0681,0.919,135.674,4
199,Defy You,The Offspring,5VBVIcMh6CWy8szP3U0Ttp,0.491,0.841,-3.651,0.0387,0.000609,2.4e-06,0.131,0.669,92.297,4
200,Seein' Red,Unwritten Law,2Am5FcMvdx4u4QAnQAwjVH,0.49,0.74,-5.369,0.0319,0.039,0,0.13,0.282,103.032,4
201,Remember,Disturbed,3i8TstjJck3vHAohHEfgCh,0.421,0.878,-3.545,0.0799,0.00281,1.23e-05,0.0589,0.517,164.161,4
202,Running Away,Hoobastank,6xdSzlVVKW3fQidPxBImTG,0.514,0.819,-5.475,0.0418,0.00101,1.67e-06,0.195,0.488,100.4,3
203,Cochise,Audioslave,1TDk2Jmi4dVZhm2dum3Jim,0.452,0.873,-4.867,0.0613,0.000519,0,0.0592,0.433,80.473,4
204,Nice To Know You,Incubus,77eRSoQbDt4qHlAhUqovmy,0.515,0.864,-5.384,0.0478,0.00182,7.32e-05,0.108,0.232,153.966,4
205,Clocks,Coldplay,0BCPKOYdS2jbQ8iyB56Zns,0.577,0.749,-7.215,0.0279,0.599,0.0115,0.183,0.255,130.97,4
206,One Little Victory,Rush,7CI5bgWO8RzDbiKOCN8407,0.463,0.951,-4.768,0.0472,2.23e-06,0.537,0.0464,0.591,130.064,4
207,Here to Stay,Korn,5NHTtXGCdO7ul16xr0q93w,0.564,0.947,-4.998,0.0448,7.81e-06,0.828,0.373,0.351,100.002,4
208,She Loves Me Not,Papa Roach,1eRgyfyizDWISeS99kwLNC,0.598,0.955,-4.52,0.0916,0.00122,0,0.243,0.402,119.126,4
209,Toxicity,System of a Down,0snQkGI5qnAmohLE7jTsTn,0.413,0.873,-4.151,0.0536,0.000264,0.00249,0.204,0.48,116.68,3
210,Die Another Day,Madonna,7DUpuAzGUyJaJB3p9BC3Ms,0.792,0.797,-5.166,0.0901,0.062,0.00325,0.0896,0.491,123.993,4
211,Demon Speeding,Rob Zombie,605hJIiMrdsUjr4Vx4BFD6,0.549,0.81,-4.001,0.0328,0.000298,2.89e-06,0.156,0.41,133.985,4
212,Lateralus,Tool,7tvuLLroI0n6uYBWuFig5d,0.387,0.677,-8.399,0.084,0.00108,0.871,0.101,0.371,172.812,3
213,Sweetness,Jimmy Eat World,429IbFR4yp2J81CeTwF5iY,0.487,0.898,-4.436,0.038,0.00305,0,0.26,0.597,135.331,4
214,Up All Night,Unwritten Law,5eUVeZUTwZ72FveDcvPpFe,0.627,0.952,-2.889,0.0724,0.00547,0,0.18,0.598,108.301,4
215,Underneath Your Clothes,Shakira,15f8Cv8RXUlOOCIf2oaceN,0.616,0.597,-5.328,0.0415,0.691,0,0.104,0.362,165.508,4
216,Dreamer,Ozzy Osbourne,78PKCefXwDLbl4FVO1Pjzh,0.493,0.636,-7.408,0.0256,0.0629,2.49e-06,0.0921,0.279,79.419,4
217,The Way You Like It,Adema,6adhpSbrhat9S0WEVjf4HP,0.424,0.936,-4.541,0.147,0.000249,0,0.0707,0.761,164.175,4
218,Warning,Incubus,3svBKSy1pru9EEvnRrNqzf,0.504,0.522,-8.297,0.0259,0.00143,0.000236,0.0958,0.222,81.047,4
219,Adriana,Headstrong,7LoXz9IxgbiXYSjUNSx95c,0.545,0.967,-4.536,0.0745,0.00564,2e-05,0.397,0.694,149.693,4
220,Downfall,TRUSTcompany,76xddM2irVQCbuBoVbaElZ,0.31,0.94,-3.395,0.106,0.000106,2.21e-06,0.205,0.454,128.682,5
221,Not Falling,Mudvayne,0ss3ny5ZmAYMpTWJDLgnV8,0.438,0.984,-5.012,0.143,2.97e-05,0.0758,0.0572,0.32,129.921,4
222,Lonely Road Of Faith,Kid Rock,3HkBKk880ppo4f2wYlRaie,0.589,0.703,-5.489,0.0313,0.239,0.000717,0.0701,0.499,80.121,4
223,"Swing, Swing",The All-American Rejects,003FTlCpBTM4eSqYSWPv4H,0.553,0.717,-5.857,0.0318,6.48e-05,0.128,0.0385,0.318,127.947,4
224,Keep Fishin',Weezer,1ljTFrbwY1ojpfd6bAmPTZ,0.354,0.773,-5.37,0.0469,7.82e-05,5.63e-05,0.127,0.721,131.569,4
225,The Zephyr Song,Red Hot Chili Peppers,1ndGB6rvxKYN9seCYO1dTF,0.725,0.803,-4.083,0.0337,0.013,3.66e-05,0.0891,0.403,117.391,4
226,Still Waiting,Sum 41,2OMqSRS11ly56zg9u5za6c,0.431,0.95,-4.918,0.26,0.00105,3.63e-05,0.272,0.56,191.936,4
227,Someday,The Strokes,7hm4HTk9encxT0LYC0J6oI,0.539,0.521,-7.46,0.0299,0.00425,0,0.367,0.679,106.035,4
228,Thoughtless,Korn,6HlFxHQ5nn6HYGxOOYIrLm,0.593,0.933,-4.894,0.119,0.000445,0.384,0.068,0.497,153.993,4
229,Weathered,Creed,33P0xVFGIPfCB2ZBCTGTY9,0.417,0.935,-4.658,0.0547,0.000968,4.18e-06,0.228,0.318,143.893,4
230,Lose Yourself,Eminem,77Ft1RJngppZlq59B6uP0z,0.689,0.735,-4.545,0.267,0.00922,0.00072,0.365,0.059,171.403,4
231,Innervision,System of a Down,0Xmbtw7NhNiDnL4BWy5wDh,0.445,0.953,-2.267,0.099,0.000201,0.0244,0.357,0.233,120.013,4
232,Get Away,Earshot,0jPVRBr2r1q5EzHhT1313i,0.284,0.852,-5.135,0.18,0.000975,0.00625,0.581,0.473,103.067,5
233,I Am Mine,Pearl Jam,79pY2Z5eFvXMt9bSdHLrnA,0.323,0.728,-5.416,0.0321,0.00394,0.000447,0.102,0.489,161.586,3
234,Tomorrow,SR-71,395b9mfjEHhWfb9YAWMmsl,0.383,0.877,-4.362,0.0355,3.9e-05,0.00596,0.224,0.168,92.943,4
235,The Taste Of Ink,The Used,5jZ1Z2GFTf2gwmFc3qiUxs,0.541,0.904,-3.001,0.0435,0.00143,0,0.193,0.541,98.122,4
236,Down,Socialburn,2iMOJWpz8UudWDBqHpOzwC,0.567,0.913,-5.22,0.0581,5.11e-05,0.000398,0.113,0.625,129.799,4
237,Sk8er Boi,Avril Lavigne,00Mb3DuaIH1kjrwOku9CGU,0.487,0.9,-4.417,0.0482,6.79e-05,0,0.358,0.484,149.937,4
238,Alone I Break,Korn,2f1BjAVy4k8B3pB4qBntHj,0.614,0.707,-5.484,0.0519,0.00247,0.0975,0.101,0.711,159.976,4
239,Sound of the Underground,Girls Aloud,25Mn17RDbdJHiKL5SEhLnL,0.577,0.854,-5.871,0.0379,0.00315,6.42e-05,0.323,0.869,163.921,4
240,The One,Foo Fighters,1UbZVvN4mSOmDvn4er7IKB,0.511,0.95,-4.155,0.0725,0.001,1.44e-05,0.079,0.514,162.072,4
241,Deny,Default,6oKI26bh1VZcBe3SQNM2ZT,0.569,0.815,-4.285,0.0306,0.0156,4.98e-06,0.161,0.329,107.938,4
242,Drowning,Crazy Town,0HApP7IdQsjGo39gUbeZo9,0.543,0.928,-4.117,0.0382,0.000497,0,0.274,0.404,94.985,4
243,Where Are You Going,Dave Matthews Band,5EjZXJ4nVpw7uI6eso1SFS,0.444,0.583,-8.121,0.0259,0.5,0.15,0.105,0.258,97.492,4
244,Get Over It,OK Go,0SLOiJClXkAZluClYpke95,0.389,0.767,-4.314,0.149,0.00127,0,0.435,0.544,184.926,4
245,Innocent,Our Lady Peace,5mFyCVEII6mp5YPPYQfTck,0.391,0.896,-4.902,0.0683,0.000443,0,0.0774,0.791,178.056,4
246,Little by Little,Oasis,45AQ5zbSJ0j1nM9daSWeq8,0.405,0.632,-5.132,0.0273,0.0316,0.00251,0.112,0.141,145.936,4
247,Soak Up the Sun,Sheryl Crow,215JYyyUnrJ98NK3KEwu6d,0.717,0.733,-4.985,0.0427,0.0398,0,0.136,0.713,119.996,4
248,Live Again,Sevendust,175ChiEZL1w8ZdG6JhGQHp,0.463,0.954,-3.17,0.0856,0.000688,0,0.381,0.43,92.052,4
249,Colourblind,Darius,4GPwz80qwxmxX2D2vujUnR,0.737,0.652,-4.393,0.0335,0.038,0,0.0699,0.881,108.175,4
250,All You Wanted,Michelle Branch,0kr6d8wHDQPlzuET33NVn6,0.499,0.72,-9.101,0.0286,0.00466,0.00303,0.122,0.652,96.103,4
251,Hate to Say I Told You So,The Hives,6xxXrNJnnsQNLdgNk8S4y8,0.451,0.929,-5.021,0.0549,0.00109,0.00785,0.442,0.378,135.767,4
252,My Friends Over You,New Found Glory,4pImG3RdbaGfanzQOTFgyr,0.404,0.98,-4.038,0.107,0.000193,0,0.0742,0.433,177.793,4
253,Without Me,Eminem,7lQ8MOhq6IN2w8EYcFNSUk,0.908,0.669,-2.827,0.0738,0.00286,0,0.237,0.662,112.238,4
254,If Tomorrow Never Comes,Ronan Keating,40dCbY0oJsG2ZdvaGVB34d,0.555,0.496,-6.136,0.028,0.333,0,0.0956,0.27,79.01,4
255,Get Free,The Vines,1JcGNoiwifg0MdJMVgJQYx,0.502,0.978,-3.278,0.0649,0.000163,1.27e-06,0.287,0.603,138.811,4
256,The Hindu Times,Oasis,7IuCCezGsyTH9LU4IVL57s,0.416,0.939,-3.247,0.0473,1.09e-05,1.05e-05,0.753,0.36,113.926,4
257,Somewhere Out There,Our Lady Peace,6fQJg7MdQssgZJDhTJtFtd,0.388,0.746,-5.306,0.0317,0.000555,0,0.0719,0.459,159.707,4
258,No Light,3rd Strike,7besrAUl8Im2IRtzLBTZn5,0.444,0.859,-4.962,0.0484,0.0075,4.32e-05,0.24,0.394,99.655,4
259,Remember Me,Hoobastank,7hTpxUx9VhvBqbQKfHhJE0,0.459,0.936,-5.863,0.0991,0.000382,0,0.311,0.258,168.945,4
260,So Far Away,Staind,6FOpPA0a80RuBqqgDozvja,0.407,0.896,-2.935,0.063,0.012,0,0.196,0.156,138.697,3
261,Headstrong,Trapt,1AEYT6VxrxXPMoQUxsY0E4,0.492,0.896,-5.819,0.117,0.000172,2.78e-06,0.189,0.534,184.981,4
262,Like a Stone,Audioslave,3YuaBvuZqcwN3CEAyyoaei,0.614,0.568,-5.477,0.0276,0.00797,0,0.0997,0.516,107.849,4
263,Numb,Linkin Park,2nLtzopw4rPReszdYBJU6h,0.496,0.863,-4.153,0.0381,0.0046,0,0.639,0.243,110.018,4
264,No One Knows,Queens Of The Stone Age,6NvRxjfYkkT2SpirAlmsjH,0.507,0.588,-4.881,0.0641,0.0359,0.000129,0.373,0.637,170.889,4
265,Figured You Out,Nickelback,1Yuim9eHBfG8YUJII28XDF,0.544,0.867,-5.527,0.0517,2.63e-05,0.0165,0.266,0.726,93.925,4
266,Faint,Linkin Park,4Yf5bqU3NK4kNOypcrLYwU,0.554,0.978,-3.554,0.131,0.111,0,0.0731,0.594,135.095,4
267,Somewhere I Belong,Linkin Park,3agtg0x11wPvLIWkYR39nZ,0.451,0.951,-3.754,0.0645,0.00038,2.39e-06,0.261,0.442,162.065,4
268,Always,Saliva,7kpa6MWRrPaF3b6C0DgioK,0.363,0.906,-4.415,0.0615,0.0122,0,0.172,0.371,181.964,4
269,I Hate Everything About You,Three Days Grace,0M955bMOoilikPXwKLYpoi,0.498,0.83,-5.157,0.0421,0.00461,0,0.139,0.453,89.342,4
270,Send the Pain Below,Chevelle,6dRAAG4sB71NAtVCHJep7s,0.468,0.851,-3.617,0.0398,0.000281,0.00483,0.0644,0.293,92.079,4
271,Hit That,The Offspring,3lfmqF0ULXRHlWxBeaHo3t,0.704,0.809,-3.045,0.0321,0.0233,0,0.0596,0.962,131.952,4
272,Someday,Nickelback,4PkJ7c9y1CwpuVOiJODnCZ,0.455,0.858,-5.659,0.0391,0.000616,0.000247,0.226,0.597,163.118,4
273,Bring Me to Life,Evanescence,0COqiPhxzoWICwFCS4eZcp,0.331,0.943,-3.188,0.0698,0.00721,2.06e-06,0.242,0.296,94.612,4
274,Fine Again,Seether,4eTIe5eqds88bA9ua6p5p6,0.442,0.855,-2.985,0.0288,0.00049,0.0137,0.273,0.363,175.543,4
275,The Red,Chevelle,1gyee1JuFFiP476LQpRMYU,0.509,0.843,-3.318,0.0488,0.000671,0.000803,0.348,0.332,140.055,3
276,Weak and Powerless,A Perfect Circle,7gDVjl5fEw2OPAtjbW4LzR,0.483,0.841,-7.494,0.0523,0.000172,0.861,0.108,0.13,159.747,3
277,I Am The Highway,Audioslave,3bwAS8cN7Xtzvv5UurJOOX,0.341,0.662,-5.023,0.0335,0.105,0,0.113,0.2,174.875,4
278,Away from Me,Puddle of Mudd,0UGsSjbp8vhm8QfNOIdmMy,0.388,0.943,-2.927,0.104,0.000306,0,0.168,0.162,154.721,4
279,Poem,Taproot,7mQwxVogsnpR3h6AJLQLlR,0.364,0.912,-2.968,0.107,0.000104,0.0025,0.086,0.666,105.368,4
280,Still Frame,Trapt,114bGIxUrj6vnZwWEfEdMP,0.445,0.932,-4.739,0.316,0.000866,0,0.108,0.51,113.945,4
281,The Outsider,A Perfect Circle,6CqYhhUPJORx1vvdTNc8jv,0.328,0.843,-6.644,0.0887,0.000111,0.801,0.0496,0.422,113.329,4
282,One Thing,Finger Eleven,2BepFzUWfczDk68DXj10w3,0.588,0.555,-9.401,0.0334,0.447,0,0.0806,0.445,151.991,4
283,Remember,Disturbed,3i8TstjJck3vHAohHEfgCh,0.421,0.878,-3.545,0.0799,0.00281,1.23e-05,0.0589,0.517,164.161,4
284,Weathered,Creed,33P0xVFGIPfCB2ZBCTGTY9,0.417,0.935,-4.658,0.0547,0.000968,4.18e-06,0.228,0.318,143.893,4
285,45,Shinedown,420JGkyLfLUZcgBHKiIK9v,0.446,0.657,-4.494,0.0262,0.0022,0,0.189,0.215,152.132,3
286,Just Because,Jane's Addiction,3k6L0H08zSY5yRDgqI8fqx,0.369,0.996,-1.531,0.0931,3.83e-05,0.14,0.249,0.209,98.162,4
287,I Believe in a Thing Called Love,The Darkness,756CJtQRFSxEx9jV4P9hpA,0.442,0.846,-5.214,0.0764,0.0538,4.71e-06,0.282,0.622,128.235,4
288,Still Waiting,Sum 41,2OMqSRS11ly56zg9u5za6c,0.431,0.95,-4.918,0.26,0.00105,3.63e-05,0.272,0.56,191.936,4
289,Straight Out of Line,Godsmack,0bKZa2zldftYPRrSRscmG2,0.245,0.96,-4.719,0.175,0.000184,0.00268,0.0718,0.372,184.042,1
290,Meant to Live,Switchfoot,2md2i5QvelRFnafpnd6LOg,0.397,0.903,-4.577,0.0457,0.00575,1.6e-06,0.362,0.556,151.551,4
291,"Swing, Swing",The All-American Rejects,003FTlCpBTM4eSqYSWPv4H,0.553,0.717,-5.857,0.0318,6.48e-05,0.128,0.0385,0.318,127.947,4
292,Show Me How to Live,Audioslave,1Qdnvn4XlmZANCVy3XjrQo,0.433,0.854,-3.868,0.0483,0.000336,0.000177,0.162,0.368,89.4,4
293,Behind Blue Eyes,Limp Bizkit,1MTQHCpraD4S8g5PAFKzoj,0.595,0.489,-6.66,0.0271,0.497,0,0.119,0.0902,120.315,4
294,Clocks,Coldplay,0BCPKOYdS2jbQ8iyB56Zns,0.577,0.749,-7.215,0.0279,0.599,0.0115,0.183,0.255,130.97,4
295,Think Twice,Eve 6,0SqgZ5KpfX24W8ZeGzOle2,0.526,0.84,-4.159,0.0342,0.00292,0,0.272,0.433,93.972,4
296,Re-Align,Godsmack,5QxSNwBnEmCOUyos3iMjmd,0.403,0.963,-3.051,0.057,2.65e-05,2.36e-06,0.112,0.323,101.104,4
297,Price to Play,Staind,6WV1sNIE0gG9cIdQ27vuvI,0.41,0.922,-1.906,0.0499,3.1e-05,0.000343,0.189,0.327,109.511,4
298,St. Anger,Metallica,3fOc9x06lKJBhz435mInlH,0.249,0.949,-2.642,0.0678,0.00131,0.0228,0.0953,0.498,185.252,4
299,Not Falling,Mudvayne,0ss3ny5ZmAYMpTWJDLgnV8,0.438,0.984,-5.012,0.143,2.97e-05,0.0758,0.0572,0.32,129.921,4
300,All the Things She Said,t.A.T.u.,4bJygwUKrRgq1stlNXcgMg,0.603,0.834,-5.766,0.0417,0.0411,0.00609,0.105,0.376,89.957,4
301,Times Like These,Foo Fighters,67vYdAAM3oGsEImCRfbtsF,0.376,0.908,-3.793,0.0879,1.4e-05,1.4e-05,0.241,0.266,144.581,4
302,In This Diary,The Ataris,3B9W8NK6FiaNZCZFIzLdwo,0.566,0.832,-4.644,0.0603,0.00505,0,0.127,0.86,175.028,4
303,The Boys of Summer,The Ataris,5BmagRD7Thki6O1zZwbxBy,0.251,0.954,-2.879,0.0691,0.000674,0.000132,0.0975,0.264,191.059,4
304,Feeling This,Blink-182,26AYR77170U49cMcXB7aRV,0.411,0.962,-5.952,0.0917,0.103,0,0.529,0.622,173.143,4
305,How About You,Staind,4Q1XmQnyT8ZqQBYVu16mPi,0.277,0.949,-2.596,0.171,0.000231,0,0.149,0.204,114.616,4
306,Stupid Girl,Cold,40u9RFyKQfXwpPjFzK1bGO,0.43,0.868,-4.44,0.0639,0.000119,0.000389,0.0836,0.164,138.807,3
307,Innervision,System Of A Down,0Xmbtw7NhNiDnL4BWy5wDh,0.445,0.953,-2.267,0.099,0.000201,0.0244,0.357,0.233,120.013,4
308,Closure,Chevelle,3wwoB2eYeGnuOSuIYqXEdl,0.289,0.736,-3.38,0.0369,0.00087,0.00395,0.0636,0.13,152.158,3
309,The Hell Song,Sum 41,17XgxMFNzBYv38TEJRC18D,0.359,0.935,-5.529,0.0817,0.000143,0.0141,0.351,0.658,173.429,4
310,Dosed,Red Hot Chili Peppers,1iFIZUVDBCCkWe705FLXto,0.571,0.8,-4.131,0.0292,0.0101,7.29e-05,0.111,0.335,104.377,4
311,Mad World,Michael Andrews,0LuVpXVTaWY9Un2w9GkXjf,0.346,0.133,-11.954,0.0339,0.966,1.11e-05,0.109,0.332,174.291,4
312,Buried Myself Alive,The Used,746bHsY27aWTMYpoxqECOm,0.26,0.923,-5.023,0.157,0.00108,0,0.763,0.387,170.605,4
313,Fall Back Down,Rancid,3pdHJCTk85ls2SGGXIJ7XH,0.525,0.989,-1.438,0.0527,0.00244,0,0.123,0.504,104.069,4
314,Do You Call My Name,RA,5w0jXRvylCbWxFrJx2H1Fl,0.438,0.942,-5.19,0.0575,0.00125,1.01e-06,0.421,0.511,91.299,4
315,Liberate,Disturbed,2tMLPDIY5H1zICjyDLMXeT,0.549,0.99,-4.358,0.0752,3.78e-05,0.000837,0.343,0.493,124.075,4
316,My Immortal,Evanescence,4UzVcXufOhGUwF56HT7b8M,0.19,0.265,-9.206,0.0356,0.863,0,0.134,0.101,79.012,4
317,It's My Life,No Doubt,2fOxxLz9JVe53itq6pfBak,0.606,0.75,-4.535,0.0306,0.00264,0.000788,0.321,0.771,126.316,4
318,World So Cold,Mudvayne,0iZbC7hLkOdBhewWb4nqff,0.364,0.843,-5.796,0.107,0.00126,0.00179,0.0989,0.396,138.128,1
319,Bottom of a Bottle,Smile Empty Soul,3EmNjy3zFszmAOCikiKxCd,0.542,0.838,-5.198,0.0392,0.00216,2.05e-06,0.0829,0.423,106.044,4
320,A Praise Chorus,Jimmy Eat World,0n7d3no0cHnsnkgfFzDuj4,0.461,0.936,-5.296,0.0678,0.0249,8.63e-06,0.222,0.484,184.184,4
321,Serenity,Godsmack,21GwG8Alj5Duat0I0IkE9R,0.684,0.659,-5.713,0.0234,0.027,5.9e-06,0.15,0.319,110.159,4
322,Unwell,matchbox twenty,6Bm6qUCSatPAqkQllFL7oA,0.256,0.788,-5.263,0.0403,0.0298,0,0.707,0.429,80.718,4
323,Time Is Running Out,Muse,2takcwOaAZWiXQijPHIx7B,0.585,0.842,-5.883,0.0556,0.00242,0.00686,0.0866,0.428,118.211,4
324,Rest Of My Life,Unwritten Law,1WSfhKS5idQJwgVkfOe0cR,0.532,0.823,-3.775,0.031,0.0299,2.75e-06,0.15,0.46,95.955,4
325,Suffocate,Cold,5C5TS7hQesbPAcWjX8av8z,0.537,0.913,-4.344,0.0374,0.00158,0,0.163,0.578,99.969,4
326,Take It Off,The Donnas,6QyBIZEvs11K9lKjyLYtv6,0.412,0.951,-3.371,0.0548,2.61e-06,0.00239,0.0958,0.333,158.78,4
327,Hysteria,Muse,7xyYsOvq5Ec3P4fr6mM9fD,0.412,0.92,-4.852,0.0575,0.000456,0.0026,0.11,0.455,93.162,4
328,Set Me Free,Velvet Revolver,5v5ZwMuil1RWGFpUkl7Zh8,0.386,0.984,-5.294,0.107,0.00024,0.765,0.332,0.226,163.053,4
329,Going Under,Evanescence,3UygY7qW2cvG9Llkay6i1i,0.37,0.858,-4.885,0.0545,0.00815,2.12e-05,0.229,0.464,175.077,4
330,The Scientist,Coldplay,75JFxkI2RXiU7L9VXzMkle,0.557,0.442,-7.224,0.0243,0.731,1.46e-05,0.11,0.213,146.277,4
331,Inhale,Stone Sour,5wJxZ9YBm653xHNPC6BnRk,0.344,0.806,-4.111,0.0316,0.000306,2.57e-05,0.35,0.286,94.366,4
332,Bandages,Hot Hot Heat,75pMEcHJjLRv0O8MHxQvdg,0.376,0.947,-3.778,0.0902,0.00757,0,0.107,0.859,150.212,4
333,Diamonds And Guns,Transplants,78oeeGkqmsr6r6AlW0x69d,0.582,0.925,-3.15,0.182,0.0341,0.000116,0.579,0.701,171.543,4
334,Silver and Cold,AFI,6RGV97HIkgZJjme2dzilfg,0.412,0.839,-4.543,0.0369,0.00258,7.1e-06,0.333,0.37,130.09,1
335,Fly from the Inside,Shinedown,6kPDxVwJH5YtKeytA2rA6M,0.482,0.916,-4.557,0.0473,3.51e-05,0.000588,0.0474,0.385,96.101,4
336,Frantic,Metallica,09NpqcWK5TLI86HbHv3N0L,0.483,0.978,-3.063,0.0882,0.00497,0.125,0.0782,0.563,161.764,4
337,Imprint,DoubleDrive,4X6re6ysXxwcxSYXkLzYov,0.574,0.871,-5.854,0.0477,0.00254,0.0001,0.0807,0.376,116.931,4
338,Jump,Girls Aloud,4VZxKuQCVJbQMoB5lg7Ps7,0.658,0.826,-6.031,0.0346,0.00189,0.00275,0.0492,0.795,134.465,4
339,Go with the Flow,Queens of the Stone Age,45DElIx0dXqUH4A88yQFdE,0.242,0.992,-3.9,0.0988,0.0148,0.113,0.833,0.374,159.37,4
340,All in the Suit That You Wear,Stone Temple Pilots,17Nk1aji6gd26vabky7fMi,0.429,0.983,-2.962,0.0617,1.94e-05,0.0176,0.312,0.579,122.881,4
341,The Only,Static-X,35ZmCVnfYRdK1iLGCxNhMa,0.428,0.979,-2.929,0.225,7.04e-05,0,0.129,0.292,104.84,4
342,Running From Me,TRUSTcompany,6k9P9bb84TAtsnfOQz2OCj,0.417,0.828,-3.662,0.0693,0.000681,0.000725,0.068,0.357,159.686,4
343,Here without You,3 Doors Down,3NLrRZoMF0Lx6zTlYqeIo4,0.557,0.533,-6.817,0.0252,0.0492,0,0.205,0.233,143.994,4
344,American Life,Madonna,1YhiWWFrbdd3kAVhSYDhZ7,0.787,0.583,-7.16,0.176,0.0438,0,0.282,0.706,101.96,4
345,Farther,Outspoken,0Ypyuft5qLGCO2x0JqNvJu,0.581,0.793,-6.43,0.0293,4.11e-05,0.233,0.0917,0.232,106.954,4
346,Hey Ya!,OutKast,2PpruBYCo4H7WOBJ7Q2EwM,0.727,0.974,-2.261,0.0664,0.103,0.000532,0.174,0.965,79.526,4
347,Mine,Taproot,3BKcnIM3XX5OCKCNmVlL5Z,0.482,0.931,-2.835,0.0839,0.00347,0.0156,0.332,0.42,158.463,4
348,Girl's Not Grey,AFI,3fttmSWGThBQTNkuHMoCTN,0.389,0.905,-4.494,0.0354,0.00844,0.00016,0.124,0.672,121.836,4
349,Falls on Me,Fuel,7CIzpZaeeNCtJDi1nqEDXb,0.317,0.804,-6.504,0.0379,8.08e-05,0.109,0.0995,0.181,164.185,4
350,Everyone,Socialburn,54GCkWXW3eae65pP4InX8e,0.407,0.87,-5.249,0.0423,0.000491,0,0.145,0.351,91.392,4
351,Figured You Out,Nickelback,1Yuim9eHBfG8YUJII28XDF,0.544,0.867,-5.527,0.0517,2.63e-05,0.0165,0.266,0.726,93.925,4
352,Boulevard of Broken Dreams,Green Day,5GorCbAP4aL0EJ16frG2hd,0.496,0.682,-4.095,0.0294,0.00552,2.94e-05,0.0589,0.474,167.06,4
353,Fall to Pieces,Velvet Revolver,2amzrvbxYiq8AxGntIiw5V,0.464,0.887,-4.65,0.0499,0.000429,0.333,0.126,0.23,132.759,4
354,Slither,Velvet Revolver,7kF1iPJTj3VFJX9XokQ80F,0.478,0.974,-3.866,0.102,0.000266,0.0984,0.0738,0.268,141.077,4
355,Cold,Crossfade,6ZxrUCaynLgKSUudACOTwj,0.451,0.815,-5.55,0.0368,6.06e-05,0,0.27,0.618,147.974,4
356,Cold Hard Bitch,Jet,5u6fnmRO5V0PTl5M2Eekeu,0.458,0.895,-3.972,0.0681,0.000219,0.000394,0.106,0.357,130.327,4
357,Vertigo,U2,1gVVSmhWjci8l9Vrsl6HaS,0.416,0.819,-3.974,0.0613,0.000138,0.00108,0.147,0.632,140.083,4
358,American Idiot,Green Day,6nTiIhLmQ3FWhvrGafw2zj,0.38,0.988,-2.042,0.0639,2.64e-05,7.86e-05,0.368,0.769,186.113,4
359,Breaking the Habit,Linkin Park,6n8TMVyFKoUmDc4apxceRD,0.579,0.849,-5.218,0.0303,0.108,0,0.0909,0.581,100.021,4
360,Scars,Papa Roach,1UREw2MCfU0xwBzCAjxlUD,0.384,0.921,-3.334,0.055,0.0948,0,0.168,0.471,89.922,4
361,Home,Three Days Grace,6GVryHJpjnrnrsTggoNTpe,0.366,0.847,-5.216,0.035,2.64e-05,0,0.228,0.606,166.17,4
362,Megalomaniac,Incubus,1rSo624QuuCteNxAzsU3SV,0.532,0.943,-4.549,0.0512,0.0056,0.000587,0.317,0.371,140.042,4
363,Hit That,The Offspring,3lfmqF0ULXRHlWxBeaHo3t,0.704,0.809,-3.045,0.0321,0.0233,0,0.0596,0.962,131.952,4
364,Just Like You,Three Days Grace,0CA3RxBx2xSQXPfpmUBK1v,0.373,0.737,-5.282,0.0297,9.4e-06,0,0.0696,0.565,177.9,4
365,Let Me Go,3 Doors Down,0nNVR2iDM3eVzEgMi78vQm,0.48,0.863,-4.914,0.0385,0.0181,0,0.111,0.491,91.972,4
366,Mr. Brightside,The Killers,7oK9VyNzrYvRFo7nQEYkWN,0.356,0.924,-3.74,0.0808,0.00101,0,0.0953,0.232,148.017,4
367,I Am The Highway,Audioslave,3bwAS8cN7Xtzvv5UurJOOX,0.341,0.662,-5.023,0.0335,0.105,0,0.113,0.2,174.875,4
368,Are You Gonna Be My Girl,Jet,305WCRhhS10XUcH6AEwZk6,0.613,0.953,-3.435,0.0855,0.00148,0.000582,0.152,0.537,105.046,4
369,Since U Been Gone,Kelly Clarkson,3xrn9i8zhNZsTtcoWgQEAd,0.662,0.741,-5.406,0.0334,0.00165,0.0303,0.114,0.404,131.0,4
370,This Love,Maroon 5,6ECp64rv50XVz93WvxXMGF,0.712,0.862,-4.612,0.0378,0.0525,0,0.093,0.809,95.051,4
371,45,Shinedown,420JGkyLfLUZcgBHKiIK9v,0.446,0.657,-4.494,0.0262,0.0022,0,0.189,0.215,152.132,3
372,Vitamin R (Leading Us Along),Chevelle,04NGX0b5Tgs7VsErfn5OA1,0.481,0.88,-4.55,0.0717,0.00465,6.02e-05,0.204,0.289,95.023,3
373,The Outsider,A Perfect Circle,6CqYhhUPJORx1vvdTNc8jv,0.328,0.843,-6.644,0.0887,0.000111,0.801,0.0496,0.422,113.329,4
374,Re-Align,Godsmack,5QxSNwBnEmCOUyos3iMjmd,0.403,0.963,-3.051,0.057,2.65e-05,2.36e-06,0.112,0.323,101.104,4
375,She Will Be Loved,Maroon 5,7sapKrjDij2fpDVj0GxP66,0.706,0.713,-5.512,0.0301,0.0596,0,0.132,0.544,102.037,4
376,Meant To Live,Switchfoot,2md2i5QvelRFnafpnd6LOg,0.397,0.903,-4.577,0.0457,0.00575,1.6e-06,0.362,0.556,151.551,4
377,Burning Bright,Shinedown,2v2tACRdYHWFMuUIvSI4fL,0.527,0.763,-5.303,0.0325,0.0004,4.52e-06,0.108,0.26,113.406,4
378,So Cold,Breaking Benjamin,3xXKwkmkrpZmGpIof83xbE,0.485,0.776,-5.472,0.0525,0.00225,0.000102,0.124,0.26,153.055,4
379,All Because of You,U2,7eFTNCuoCYmzfdd7PLaw9r,0.294,0.877,-2.846,0.0515,0.00186,0.0131,0.0658,0.437,134.047,4
380,I Miss You,Blink-182,1oTo3ijRbaDAtrjJrGAPSw,0.664,0.781,-6.547,0.0339,0.00103,5.33e-06,0.0867,0.593,110.0,4
381,Look What You've Done,Jet,0ZSmRnXnP5fdANtVlCok1g,0.398,0.547,-6.846,0.0261,0.414,0.00143,0.146,0.305,73.396,4
382,Getting Away with Murder,Papa Roach,1x0AirtLjfVquI0A9iBVep,0.564,0.968,-3.75,0.0631,0.000116,3.97e-05,0.226,0.352,103.885,4
383,Ch-Check It Out,Beastie Boys,56H98l4uinRifnTH8e308N,0.795,0.899,-7.02,0.292,0.0766,0,0.0852,0.694,115.062,4
384,Ugly,The Exies,1NoE1pEKbjVDmwLvrMsoop,0.214,0.941,-2.983,0.0984,0.000441,0,0.0977,0.17,169.548,4
385,Silver And Cold,AFI,6RGV97HIkgZJjme2dzilfg,0.412,0.839,-4.543,0.0369,0.00258,7.1e-06,0.333,0.37,130.09,1
386,So Far Away,Crossfade,2tHImX6L0zzQKyle2E99O4,0.503,0.942,-5.025,0.094,0.000105,0,0.248,0.4,106.039,4
387,One Thing,Finger Eleven,2BepFzUWfczDk68DXj10w3,0.588,0.555,-9.401,0.0334,0.447,0,0.0806,0.445,151.991,4
388,Float On,Modest Mouse,2lwwrWVKdf3LR9lbbhnr6R,0.649,0.888,-4.807,0.0293,0.013,2.23e-06,0.0888,0.553,100.975,4
389,Breakaway,Kelly Clarkson,61Qhe2mHSLhUE04QeK4lkD,0.446,0.701,-4.179,0.0295,0.0298,8.89e-06,0.0931,0.394,159.958,3
390,Hey Now,Tantric,31ERdVWpfc0DiTZxcFIJ6Y,0.612,0.881,-5.128,0.0405,0.00465,2.13e-05,0.596,0.623,99.95,4
391,Pieces of Me,Ashlee Simpson,7yXibbAYi4to5oQTeO738f,0.532,0.807,-4.301,0.057,0.0584,0,0.114,0.759,87.183,4
392,I Believe In A Thing Called Love,The Darkness,756CJtQRFSxEx9jV4P9hpA,0.442,0.846,-5.214,0.0764,0.0538,4.71e-06,0.282,0.622,128.235,4
393,Time Is Running Out,Muse,2takcwOaAZWiXQijPHIx7B,0.585,0.842,-5.883,0.0556,0.00242,0.00686,0.0866,0.428,118.211,4
394,Maps,Yeah Yeah Yeahs,0hDQV9X1Da5JrwhK8gu86p,0.502,0.941,-5.194,0.0716,0.000346,0.319,0.553,0.124,119.783,4
395,Duality,Slipknot,61mWefnWQOLf90gepjOCb3,0.354,0.982,-3.026,0.168,0.000237,0.000294,0.204,0.194,143.772,4
396,How About You,Staind,4Q1XmQnyT8ZqQBYVu16mPi,0.277,0.949,-2.596,0.171,0.000231,0,0.149,0.204,114.616,4
397,Anthem Of Our Dying Day,Story Of The Year,4sPJgy0CksvmXp9jC0W4gv,0.388,0.8,-6.33,0.0783,0.0211,0,0.212,0.357,194.744,3
398,Broken,Seether,507bYMYfbm6sUS9iEAaeSd,0.448,0.61,-2.695,0.0342,0.0102,0.000491,0.135,0.214,123.762,4
399,Touch√©,Godsmack,5AeT3tvGBNNL0srTbWcq3q,0.303,0.794,-5.423,0.0294,0.00133,0,0.0695,0.302,179.614,4
400,Vermilion,Slipknot,0fX9KPa0i9RGDI59gI90i9,0.219,0.989,-2.962,0.16,0.00421,0.0156,0.375,0.149,168.069,3
401,Pain,Jimmy Eat World,2WhDg8UWljoAl8oNh8uZbJ,0.395,0.955,-3.352,0.12,0.0176,0,0.585,0.283,168.005,4
402,Take Me Out,Franz Ferdinand,20I8RduZC2PWMWTDCZuuAN,0.277,0.663,-8.821,0.0377,0.000409,0.00051,0.136,0.527,104.561,4
403,Love Song,311,3mtukCAgd0mE260QcBfXAX,0.625,0.686,-8.337,0.0309,0.0154,0.0499,0.0932,0.556,139.817,4
404,Closure,Chevelle,3wwoB2eYeGnuOSuIYqXEdl,0.289,0.736,-3.38,0.0369,0.00087,0.00395,0.0636,0.13,152.158,3
405,Open Your Eyes,Alter Bridge,3Gbyl3XZVeEcnFPiiPR09n,0.356,0.904,-3.953,0.0624,0.000244,1.75e-06,0.359,0.38,162.397,4
406,Dirty Little Thing,Velvet Revolver,2NJ5fMRTfFZofOaTccEN9k,0.269,0.991,-3.82,0.106,4.58e-05,0.0652,0.175,0.283,167.592,4
407,Redefine,Soil,5LDJR2EMKHrB843oVlWGGq,0.523,0.936,-3.235,0.0574,0.000112,2.96e-06,0.209,0.237,111.062,4
408,All Downhill From Here,New Found Glory,5dpDrUG52yI3s1AQRlaypA,0.428,0.934,-4.061,0.0926,8.31e-05,0.000431,0.108,0.724,167.988,4
409,My Happy Ending,Avril Lavigne,6sqNctd7MlJoKDOxPVCAvU,0.414,0.936,-2.407,0.0758,0.00136,0,0.369,0.74,170.229,4
410,Triple Trouble,Beastie Boys,67wjzKe19et4fvb7ID6zAu,0.947,0.761,-7.485,0.275,0.314,0,0.217,0.905,109.995,4
411,Until The Day I Die,Story Of The Year,0DKNNR9iDjwfCEpMiFXMJq,0.597,0.931,-4.591,0.0984,0.127,0,0.0504,0.534,92.003,4
412,Feelin' Way Too Damn Good,Nickelback,4i2WUspbfNZCnhkypoFKrM,0.51,0.818,-5.626,0.0415,0.000722,0.000659,0.151,0.395,156.05,4
413,Running Blind,Godsmack,2K1ycyCL39S1vh2O7Exr6O,0.54,0.834,-6.984,0.031,0.176,0,0.0631,0.341,136.085,4
414,Talk Shows on Mute,Incubus,36UaSfZbXdiYra3nBeXMZK,0.723,0.584,-5.729,0.0259,0.141,0,0.0917,0.62,114.072,4
415,Take It Away,The Used,2PzjnmkdMr6eOkFwQgqmyC,0.275,0.893,-5.415,0.387,0.000288,0,0.236,0.236,176.109,4
416,Ride,The Vines,1ndueeuUL5csGntKZGMVNj,0.592,0.932,-3.12,0.041,0.0019,0.000136,0.0468,0.657,125.903,4
417,Somebody Told Me,The Killers,6PwjJ58I4t7Mae9xfZ9l9v,0.497,0.97,-4.851,0.0836,9.04e-05,0.000674,0.101,0.689,138.081,4
418,"Jackson, Mississippi",Kid Rock,4SXMRJugy8ifYJdoS9cXGg,0.536,0.785,-4.857,0.0337,0.000676,0.00329,0.101,0.356,128.773,4
419,Vindicated,Dashboard Confessional,1EotcFbWTbMCXeKFVEtX6Y,0.515,0.802,-3.423,0.0345,0.0321,0,0.0844,0.29,85.998,4
420,First Straw,311,6FEzFxEbAj0y0FJjJUVWna,0.699,0.621,-6.619,0.0435,0.00672,0,0.0429,0.789,156.036,4
421,All These Things That I've Done,The Killers,0kYUrLVQOfx21xuXu7OGrT,0.557,0.728,-6.181,0.0405,0.00156,5.13e-06,0.118,0.216,118.241,4
422,Slow Hands,Interpol,1VcIbyyDX8j0GNxSlsRFeJ,0.245,0.974,-2.523,0.0496,0.00045,0.438,0.363,0.644,141.885,4
423,Behind Blue Eyes,Limp Bizkit,1MTQHCpraD4S8g5PAFKzoj,0.595,0.489,-6.66,0.0271,0.497,0,0.119,0.0902,120.315,4
424,Only One,Yellowcard,0gZp88SA5OcujHLDGkxtI3,0.477,0.907,-4.814,0.0899,8e-05,7.82e-05,0.149,0.304,81.291,4
425,Work,Jimmy Eat World,7jOmU5z5lgwTL5meoapbMf,0.544,0.914,-3.614,0.0597,0.00575,0,0.192,0.352,115.057,4
426,A Decade Under The Influence,Taking Back Sunday,6um5ccNzX7k3SRsVnLupvI,0.491,0.904,-4.729,0.0765,0.00929,0,0.106,0.607,156.031,4
427,Spin You Around,Puddle Of Mudd,3smfitHkOnNktHDa7ZSVIE,0.478,0.929,-2.999,0.0433,0.00791,0,0.0954,0.521,92.022,4
428,This Fire,Franz Ferdinand,3Obu3jvFSfgLF3pSbi64Vj,0.549,0.87,-9.453,0.0543,0.00249,2.08e-06,0.127,0.671,138.078,4
429,Razor's Edge,Saliva,1UcXepJouqojYfuxbMJX4h,0.442,0.845,-5.051,0.039,0.00195,1.02e-05,0.104,0.375,156.204,4
430,So Far So Good,Thornley,2RDfjb9H56uk2NPgzcgMyn,0.442,0.894,-4.409,0.0736,0.000961,0,0.0551,0.561,172.085,4
431,Mono,Courtney Love,7zL1KgkpPb2Gi5Q2Inypl5,0.381,0.981,-2.723,0.0966,9.11e-05,3.53e-05,0.335,0.442,155.967,4
432,Reptilia,The Strokes,57Xjny5yNzAcsxnusKmAfA,0.489,0.649,-5.11,0.0336,0.000603,0.713,0.101,0.77,158.009,4
433,Alive,Kenny Wayne Shepherd,3i6CL00C5Qdj6PSrUVGWZD,0.415,0.93,-3.736,0.0704,0.0308,0.000177,0.101,0.257,145.975,4
434,The End Of The World,The Cure,0FMAfHeqwXjJPy0mcCm6ur,0.675,0.927,-3.455,0.0446,0.162,1.77e-06,0.337,0.629,119.992,4
435,Heel Over Head,Puddle of Mudd,37JIDCr02xXFowAcdeANtd,0.504,0.965,-3.436,0.0873,0.00174,0,0.129,0.622,137.064,4
436,Obviously,McFly,6EsnG6BmZ6U7NxicrO8tDJ,0.642,0.856,-2.273,0.0314,0.193,0,0.11,0.755,130.583,4
437,Some Kind Of Monster,Metallica,3mNOQhKgWNgtWIq4SGND8j,0.337,0.938,-5.266,0.0532,0.000475,0.238,0.186,0.648,105.377,4
438,Sunday,Lo-Pro,3OUqz6I3Q8Kjz3PFeZA78e,0.338,0.833,-4.311,0.0439,2.66e-05,0.000457,0.0677,0.119,87.833,4
439,Broken Down,Sevendust,1FmOYRn8gz9ygADHOqPikk,0.474,0.963,-2.694,0.0883,0.00217,0.000801,0.139,0.278,94.897,4
440,Best of You,Foo Fighters,5FZxsHWIvUsmSK1IAvm2pp,0.366,0.94,-5.119,0.0696,0.000769,9.42e-05,0.188,0.369,130.198,4
441,Save Me,Shinedown,23SlyxzUtQtExgEButcOtR,0.524,0.816,-3.49,0.0308,0.00044,0,0.0777,0.252,116.026,4
442,Photograph,Nickelback,3hb2ScEVkGchcAQqrPLP0R,0.515,0.876,-3.756,0.0292,0.000932,0.000166,0.136,0.385,145.916,4
443,Wasteland,10 Years,3pO37BXsjMC2wApALxGbuB,0.409,0.783,-5.083,0.0731,0.000422,0.000354,0.0664,0.313,145.541,4
444,Feel Good Inc.,Gorillaz,0d28khcov6AiegSCpG5TuT,0.818,0.705,-6.679,0.177,0.00836,0.00233,0.613,0.772,138.559,4
445,Be Yourself,Audioslave,3zwmW1gM4E8FlHXV5nE16u,0.423,0.845,-3.509,0.0559,0.143,5.07e-06,0.213,0.317,116.602,4
446,Remedy,Seether,5ynxx6zC4dgzsMHLYQ04Dc,0.55,0.952,-4.664,0.0924,0.000193,0.000666,0.0614,0.391,127.804,4
447,Holiday,Green Day,4VgEM12OeaN3GyBV487Me7,0.552,0.89,-3.409,0.0342,0.000143,0,0.888,0.716,146.525,4
448,Scars,Papa Roach,1UREw2MCfU0xwBzCAjxlUD,0.384,0.921,-3.334,0.055,0.0948,0,0.168,0.471,89.922,4
449,The Hand that Feeds,Nine Inch Nails,5ugzDiilhy6ILKmKfhEzd7,0.587,0.99,-4.496,0.0783,0.0172,0.000668,0.104,0.486,127.992,4
450,Home,Three Days Grace,6GVryHJpjnrnrsTggoNTpe,0.366,0.847,-5.216,0.035,2.64e-05,0,0.228,0.606,166.17,4
451,Burning Bright,Shinedown,2v2tACRdYHWFMuUIvSI4fL,0.527,0.763,-5.303,0.0325,0.0004,4.52e-06,0.108,0.26,113.406,4
452,DOA,Foo Fighters,1QZFn6QUNHfCp8s06C91hw,0.462,0.913,-4.298,0.074,0.000189,0.00142,0.0671,0.72,145.522,4
453,Hypnotize,System of a Down,6oO7WMjD6kEvCITLbVj0mu,0.274,0.92,-4.096,0.0489,0.0303,0.000412,0.115,0.0397,154.016,4
454,Only,Nine Inch Nails,0m1DJ5Jkv3kdnGrcZsJFmC,0.7,0.807,-5.711,0.029,0.000576,0.00488,0.0996,0.963,112.15,4
455,Bat Country,Avenged Sevenfold,3sHH7lklbfpcraDDvYnjo7,0.541,0.968,-4.129,0.0396,0.000248,8.28e-06,0.423,0.505,125.04,4
456,Mr. Brightside,The Killers,7oK9VyNzrYvRFo7nQEYkWN,0.356,0.924,-3.74,0.0808,0.00101,0,0.0953,0.232,148.017,4
457,Animals,Nickelback,3rjM7GhxdVq1YySsHBs21i,0.572,0.961,-3.089,0.0625,0.000734,0.021,0.207,0.818,76.998,4
458,Cold,Crossfade,6ZxrUCaynLgKSUudACOTwj,0.451,0.815,-5.55,0.0368,6.06e-05,0,0.27,0.618,147.974,4
459,Right Here,Staind,6S7mmHgyWOG6pIYuL4YrfQ,0.492,0.646,-5.334,0.0303,0.00136,2.21e-05,0.121,0.214,112.228,4
460,Beverly Hills,Weezer,1yKu2MhpwzDXXH2tzG6xoa,0.693,0.823,-3.761,0.0726,0.0932,0,0.328,0.741,87.904,4
461,Look What You've Done,Jet,0ZSmRnXnP5fdANtVlCok1g,0.398,0.547,-6.846,0.0261,0.414,0.00143,0.146,0.305,73.396,4
462,"Dance, Dance",Fall Out Boy,0a7BloCiNzLDD9qSQHh5m7,0.622,0.961,-3.198,0.154,0.00523,0,0.0854,0.449,114.452,4
463,So Far Away,Crossfade,2tHImX6L0zzQKyle2E99O4,0.503,0.942,-5.025,0.094,0.000105,0,0.248,0.4,106.039,4
464,Every Day Is Exactly the Same,Nine Inch Nails,0ypg59NyOVCpWVzd0SUsT5,0.607,0.941,-6.163,0.0486,0.0217,0.071,0.119,0.414,144.04,4
465,Wake Me Up When September Ends,Green Day,3ZffCQKLFLUvYM59XKLbVm,0.546,0.814,-5.146,0.0314,0.023,0,0.0972,0.146,104.98,4
466,Happy?,Mudvayne,0INUE1K7cEiE8VH63Rv5RJ,0.546,0.97,-2.661,0.097,0.000823,2.08e-05,0.275,0.383,100.065,4
467,Twisted Transistor,Korn,05NpeTQWnzXS1d8ZqL4YFZ,0.581,0.983,-3.291,0.0636,0.00043,0.00654,0.0806,0.417,110.038,4
468,Let Me Go,3 Doors Down,0nNVR2iDM3eVzEgMi78vQm,0.48,0.863,-4.914,0.0385,0.0181,0,0.111,0.491,91.972,4
469,Work,Jimmy Eat World,7jOmU5z5lgwTL5meoapbMf,0.544,0.914,-3.614,0.0597,0.00575,0,0.192,0.352,115.057,4
470,Because of You,Kelly Clarkson,3f3omU8n47Mqyab5nCaGyT,0.583,0.584,-5.362,0.0314,0.254,0,0.123,0.136,140.039,4
471,Hollaback Girl,Gwen Stefani,0LzrhCZFXW94Y8nwtTuRlw,0.926,0.916,-2.221,0.0929,0.35,6.17e-06,0.0234,0.904,110.007,4
472,All Because Of You,U2,7eFTNCuoCYmzfdd7PLaw9r,0.294,0.877,-2.846,0.0515,0.00186,0.0131,0.0658,0.437,134.047,4
473,Find The Real,Alter Bridge,1PotmRJ9g0y6zLVbJMKeV2,0.345,0.936,-2.986,0.0939,2.12e-05,7.68e-06,0.119,0.317,75.683,4
474,Perfect Situation,Weezer,1D7UBHqaPWDbBHs2S5YXge,0.47,0.806,-4.1,0.0328,0.0271,0.000142,0.2,0.403,93.853,4
475,I Bet You Look Good On The Dancefloor,Arctic Monkeys,29EkMZmUNz1WsuzaMtVo1i,0.535,0.948,-4.19,0.0356,0.00225,0,0.376,0.778,103.183,4
476,Dirty Little Thing,Velvet Revolver,2NJ5fMRTfFZofOaTccEN9k,0.269,0.991,-3.82,0.106,4.58e-05,0.0652,0.175,0.283,167.592,4
477,Just Stop,Disturbed,3WiXCGEioBloorG63T3dSF,0.593,0.927,-3.533,0.0795,2.94e-05,0.132,0.118,0.432,101.906,4
478,E-Pro,Beck,01MBhRpvFkbeRwAp7gcF2W,0.624,0.959,-6.253,0.0769,0.00133,0.171,0.101,0.69,95.794,4
479,Stricken,Disturbed,6RJdYpFQwLyNfDc5FbjkgV,0.404,0.969,-2.938,0.195,8.51e-05,0.0114,0.268,0.29,173.878,4
480,Behind These Hazel Eyes,Kelly Clarkson,0AKAxdNkwq9ZxRdW1DN9zW,0.548,0.889,-4.682,0.0382,0.00165,0.00109,0.197,0.425,90.048,4
481,Lonely No More,Rob Thomas,4faFAhOflLzhfJECveRwva,0.551,0.896,-3.152,0.109,0.033,0,0.0899,0.858,171.79,4
482,Little Sister,Queens of the Stone Age,0BqQWfhMrkpRAUCbdfdHUC,0.364,0.959,-2.956,0.0627,0.0113,0.000953,0.411,0.927,161.797,4
483,Talk,Coldplay,4wzt5Rrk3W98pHXAqutuJw,0.415,0.554,-10.839,0.0334,0.00541,0.00202,0.155,0.163,120.318,4
484,All These Things That I've Done,The Killers,0kYUrLVQOfx21xuXu7OGrT,0.557,0.728,-6.181,0.0405,0.00156,5.13e-06,0.118,0.216,118.241,4
485,Sooner or Later,Breaking Benjamin,6VGKfZmYkkMsd2pij0jNiF,0.493,0.843,-4.893,0.0482,0.0019,0.0086,0.0835,0.416,92.827,4
486,B.Y.O.B.,System of a Down,0EYOdF5FCkgOJJla8DI2Md,0.538,0.981,-2.688,0.14,0.00662,0,0.219,0.711,101.414,4
487,Mississippi Queen,Ozzy Osbourne,2xW7q9aRB7GKk69FhBfjyC,0.528,0.935,-2.329,0.0785,0.0507,0.00029,0.072,0.544,130.025,4
488,Ugly,The Exies,1NoE1pEKbjVDmwLvrMsoop,0.214,0.941,-2.983,0.0984,0.000441,0,0.0977,0.17,169.548,4
489,Falling,Staind,4bYSBPSRJNn2GgGow6wj58,0.457,0.893,-5.939,0.0788,8.67e-05,0.00618,0.06,0.66,168.076,4
490,Speed of Sound,Coldplay,7clUVcSOtkNWa58Gw5RfD4,0.514,0.898,-6.765,0.0577,0.00488,0.0345,0.0746,0.353,123.067,4
491,You and Me,Lifehouse,0815caqt2Lytro5EIzMufT,0.459,0.427,-7.734,0.0267,0.114,0,0.168,0.354,139.902,3
492,Swing Life Away,Rise Against,6GrrkiCRO3HYdgRpO4eKEL,0.477,0.426,-6.961,0.043,0.544,0,0.0903,0.789,184.866,3
493,The Clincher,Chevelle,3tQ6LmYZeoJ4dwkZ3IGoSj,0.263,0.939,-4.648,0.0834,7.66e-05,0.000364,0.374,0.408,175.293,4
494,Out Of Exile,Audioslave,7lE5HfOza4ji2gIWL7UwK1,0.414,0.934,-4.102,0.0692,0.0593,0,0.181,0.797,165.614,4
495,Blue Jeans,Silvertide,4xQQcEr6PUebm5z2r6ghy0,0.295,0.964,-3.289,0.153,0.022,0,0.241,0.482,191.132,4
496,When I'm Gone (Sadie),No Address,5069Lm1V8gc3aWn6cKwPa3,0.538,0.939,-6.887,0.0673,9.88e-05,0.0549,0.254,0.546,131.54,4
497,The Denial Twist,The White Stripes,4Hzg7Hcqo2aUooTQ0pnBYC,0.514,0.756,-7.988,0.147,0.337,0,0.135,0.764,90.307,4
498,Stand Up,Trapt,2l9U0zTBpcsAfCuIUO9FxB,0.349,0.964,-4.527,0.0979,0.000525,3.7e-06,0.197,0.36,162.038,4
499,Pieces,Sum 41,1ibeKVCiXORhvUpMmtsQWq,0.457,0.83,-5.262,0.0321,0.00682,0.00337,0.166,0.602,99.93,4
500,Precious,Depeche Mode,3c4bJL7mARZvd387847GsC,0.568,0.837,-6.138,0.0266,0.09,0.0587,0.0994,0.853,104.988,4
501,Stars,Switchfoot,6a9UU0juee0sbCXtjZIbwO,0.527,0.979,-3.869,0.0675,0.00108,3.46e-06,0.148,0.301,131.778,4
502,Lights and Sounds,Yellowcard,4XOZaPYeMn9hcbpyS90NnD,0.344,0.972,-3.675,0.116,8.48e-05,0,0.293,0.387,167.819,4
503,Live For Today,3 Doors Down,1fZLcY8rJze7s8ly8SZLqH,0.6,0.835,-5.859,0.0316,0.00697,2.69e-06,0.144,0.46,102.228,4
504,Not Now,Blink-182,28yCMEplHbodvR19Aipah8,0.58,0.93,-5.17,0.0618,0.00236,5.5e-05,0.0768,0.285,106.022,4
505,Hollow,Submersed,4fwqAO7Sq7jSCWeliHadVf,0.207,0.953,-4.635,0.153,0.000166,0.00927,0.257,0.2,106.945,4
506,All That I've Got,The Used,6IxQ0PdozaZKch1m8tGCwb,0.335,0.858,-4.565,0.0532,0.00289,0,0.148,0.451,177.981,4
507,The Great Divide,Scott Stapp,2erv9lZAymy9a6VNQNXSKA,0.395,0.794,-5.272,0.031,0.0024,0.000192,0.145,0.305,129.28,4
508,Breakin',The Music,4gZlZZkQnDIb7vgEkUBewL,0.52,0.988,-4.07,0.0685,2.43e-05,0.000366,0.584,0.835,104.024,4
509,Question!,System of a Down,6y2DHyCYf6azhUfXmnuH6w,0.207,0.973,-3.21,0.185,0.00083,0.0158,0.318,0.364,180.683,4
510,Happens All The Time,Cold,4Fn7WlwqP4bBJiipZfmzVP,0.306,0.86,-3.833,0.0437,0.00083,0.000145,0.0829,0.254,163.727,4
511,Bom Bom Bom,Living Things,0cztHmHoZTxuoSIPFoHSR3,0.563,0.766,-4.34,0.0555,0.0537,0,0.117,0.659,133.303,4
512,Colors,Crossfade,1ZtVN326V42hioNyRjU4P2,0.337,0.835,-6.351,0.057,0.00174,0,0.0945,0.418,87.561,4
513,Face To Face,Sevendust,3n2NMm3U3b6ru44ErBoegZ,0.633,0.972,-3.026,0.0616,0.00182,5.61e-05,0.657,0.416,109.998,4
514,Say Goodbye,Theory Of A Deadman,06hNjTThF575UgFeWq2VTZ,0.395,0.893,-4.45,0.0491,0.00441,0,0.261,0.436,154.922,4
515,Blue Orchid,The White Stripes,4jU7NPkz4HVnM4hweqNhI1,0.481,0.645,-8.535,0.318,0.0863,6.2e-06,0.332,0.612,151.307,4
516,Middle Of Nowhere,Hot Hot Heat,07qJ3q0PCBU1uVI6sL4JWX,0.568,0.971,-3.478,0.0543,0.0518,4.24e-05,0.265,0.778,139.27,4
517,Rain,Breaking Benjamin,2ehkJlAysINP3czoqaklyT,0.618,0.317,-9.835,0.0278,0.561,0,0.102,0.372,124.826,4
518,King without a Crown,Matisyahu,3NkIfsiFHnljGrlXSD2AJ3,0.697,0.859,-5.306,0.19,0.0349,0,0.0931,0.696,93.78,4
519,Dani California,Red Hot Chili Peppers,10Nmj3JCNoMeBQ87uw5j8k,0.556,0.913,-2.36,0.0437,0.0193,8.59e-06,0.346,0.73,96.184,4
520,Pain,Three Days Grace,5PZ2cqh9Yem2g6cTSOLllz,0.416,0.741,-4.001,0.0335,0.00804,0,0.273,0.286,160.515,4
521,Animals,Nickelback,3rjM7GhxdVq1YySsHBs21i,0.572,0.961,-3.089,0.0625,0.000734,0.021,0.207,0.818,76.998,4
522,Animal I Have Become,Three Days Grace,56sk7jBpZV0CD31G9hEU3b,0.553,0.853,-3.668,0.0339,0.000684,0,0.126,0.506,122.023,4
523,Welcome to the Black Parade,My Chemical Romance,5wQnmLuC1W7ATsArWACrgW,0.217,0.905,-4.103,0.0752,0.000289,0.00011,0.222,0.236,96.95,4
524,Through Glass,Stone Sour,5NeIONQWJ25uPylJBJiO4c,0.545,0.753,-4.618,0.036,0.0417,0,0.389,0.434,105.754,4
525,Perfect Situation,Weezer,1D7UBHqaPWDbBHs2S5YXge,0.47,0.806,-4.1,0.0328,0.0271,0.000142,0.2,0.403,93.853,4
526,Every Day Is Exactly The Same,Nine Inch Nails,0ypg59NyOVCpWVzd0SUsT5,0.607,0.941,-6.163,0.0486,0.0217,0.071,0.119,0.414,144.04,4
527,Wasteland,10 Years,3pO37BXsjMC2wApALxGbuB,0.409,0.783,-5.083,0.0731,0.000422,0.000354,0.0664,0.313,145.541,4
528,Hypnotize,System Of A Down,6oO7WMjD6kEvCITLbVj0mu,0.274,0.92,-4.096,0.0489,0.0303,0.000412,0.115,0.0397,154.016,4
529,It's Not Over,Daughtry,234RqTZmnDTnxWlVciXHLD,0.428,0.919,-3.245,0.0618,0.0503,0,0.245,0.294,145.927,4
530,"Dance, Dance",Fall Out Boy,0a7BloCiNzLDD9qSQHh5m7,0.622,0.961,-3.198,0.154,0.00523,0,0.0854,0.449,114.452,4
531,The Pot,Tool,1lATXTBJDHwawvT1UfxWu3,0.469,0.79,-6.889,0.0391,0.000148,0.372,0.282,0.466,107.45,4
532,Miss Murder,AFI,0Ti2dlF2xLjXblvdU5fCxM,0.308,0.873,-4.542,0.0533,0.00022,0.000729,0.0974,0.686,143.519,4
533,"This Ain't a Scene, It's an Arms Race",Fall Out Boy,1oagRT7LfpVlNJN6FSZDGp,0.435,0.887,-4.07,0.0636,0.000747,0,0.0327,0.408,199.935,4
534,Tell Me Baby,Red Hot Chili Peppers,0itNMuBHye9fu392b4e9oa,0.695,0.993,-3.114,0.0612,0.00177,0.00246,0.0814,0.281,107.951,4
535,When You Were Young,The Killers,70wYA8oYHoMzhRRkARoMhU,0.467,0.988,-3.313,0.112,0.000152,0.0484,0.28,0.321,130.433,4
536,Speak,Godsmack,6RfDLynqmspMOKA57mXyQI,0.401,0.9,-6.474,0.0415,2.32e-06,0.000925,0.0369,0.521,97.99,4
537,World Wide Suicide,Pearl Jam,4mWYx9wadNBVrgcTRzHSkB,0.474,0.959,-3.865,0.0748,0.000272,0,0.282,0.721,147.007,4
538,Twisted Transistor,Korn,05NpeTQWnzXS1d8ZqL4YFZ,0.581,0.983,-3.291,0.0636,0.00043,0.00654,0.0806,0.417,110.038,4
539,Get Stoned,Hinder,24Pi0KCtYWtnKxxzopkcPG,0.448,0.933,-4.082,0.0421,0.000417,0.000454,0.219,0.505,75.991,4
540,The Sweet Escape,Gwen Stefani,66ZcOcouenzZEnzTJvoFmH,0.756,0.77,-3.502,0.0343,0.191,0,0.178,0.73,119.961,4
541,Just Stop,Disturbed,3WiXCGEioBloorG63T3dSF,0.593,0.927,-3.533,0.0795,2.94e-05,0.132,0.118,0.432,101.906,4
542,Lips of an Angel,Hinder,40LQiUUUKXVGyNs09lHVjW,0.476,0.736,-5.38,0.0343,0.0217,1.08e-06,0.203,0.251,129.084,4
543,"Steady, As She Goes",The Raconteurs,4xlEKYv7HmC8zXoJIbpZKM,0.525,0.578,-4.563,0.12,0.0132,0.00916,0.108,0.537,123.696,4
544,The Diary of Jane,Breaking Benjamin,5m9uiFH9sK5wxRZdfN62n9,0.39,0.958,-4.455,0.0622,5.67e-05,0.0437,0.121,0.348,167.045,4
545,Lights And Sounds,Yellowcard,4XOZaPYeMn9hcbpyS90NnD,0.344,0.972,-3.675,0.116,8.48e-05,0,0.293,0.387,167.819,4
546,Face Down,The Red Jumpsuit Apparatus,4wzjNqjKAKDU82e8uMhzmr,0.545,0.932,-2.189,0.0399,0.000665,0,0.127,0.464,92.956,4
547,Talk,Coldplay,4wzt5Rrk3W98pHXAqutuJw,0.415,0.554,-10.839,0.0334,0.00541,0.00202,0.155,0.163,120.318,4
548,The Denial Twist,The White Stripes,4Hzg7Hcqo2aUooTQ0pnBYC,0.514,0.756,-7.988,0.147,0.337,0,0.135,0.764,90.307,4
549,Tear You Apart,She Wants Revenge,3urJUvRhgMrwydaTQFVEg9,0.583,0.729,-6.645,0.0341,0.000522,1.47e-05,0.487,0.539,152.996,4
550,Land of Confusion,Disturbed,4ClGNWLK9vZMBtO0CpnyOE,0.553,0.991,-3.703,0.0925,4.44e-05,0.0695,0.179,0.324,114.92,4
551,Famous Last Words,My Chemical Romance,2d6m2F4I7wCuAKtSsdhh83,0.467,0.883,-3.679,0.106,0.000321,0.000152,0.125,0.309,122.252,4
552,I Bet You Look Good On The Dancefloor,Arctic Monkeys,29EkMZmUNz1WsuzaMtVo1i,0.535,0.948,-4.19,0.0356,0.00225,0,0.376,0.778,103.183,4
553,Ladies and Gentlemen,Saliva,48ncRBVLgiu8MY7O70VVw5,0.459,0.908,-4.937,0.046,0.000101,0.202,0.145,0.495,80.093,4
554,King Without A Crown,Matisyahu,3NkIfsiFHnljGrlXSD2AJ3,0.697,0.859,-5.306,0.19,0.0349,0,0.0931,0.696,93.78,4
555,Sillyworld,Stone Sour,3tOJwyB7UQnfivxpPFdLuM,0.36,0.782,-4.561,0.0452,0.000144,8.84e-06,0.102,0.306,159.985,4
556,Vicarious,Tool,65ShmiE5aLBdcIGr7tHX35,0.506,0.877,-5.73,0.032,5.16e-05,0.776,0.0712,0.302,114.589,5
557,Falling,Staind,4bYSBPSRJNn2GgGow6wj58,0.457,0.893,-5.939,0.0788,8.67e-05,0.00618,0.06,0.66,168.076,4
558,Hate Me,Blue October,1tL40tfdtUaSLek4DvDDr3,0.449,0.691,-5.65,0.0349,0.477,0,0.0966,0.201,93.267,4
559,Starlight,Muse,3skn2lauGk7Dx6bVIt5DVj,0.55,0.874,-4.046,0.0321,0.000436,1.02e-05,0.206,0.318,121.61,4
560,Crazy,Gnarls Barkley,2N5zMZX7YeL1tico8oQxa9,0.835,0.741,-1.609,0.0339,0.0172,0.0577,0.0826,0.612,111.963,4
561,Supermassive Black Hole,Muse,3lPr8ghNDBLc2uZovNyLs9,0.668,0.921,-3.727,0.0439,0.0492,0.00517,0.0877,0.782,120.0,4
562,No Way Back,Foo Fighters,2MKEQhvPb2VaJXjx5X8Yg6,0.254,0.959,-3.447,0.0672,1.26e-05,7.31e-06,0.483,0.525,186.438,4
563,Rockstar,Nickelback,6n9yCXvLhnYMgJIiIcMu7D,0.616,0.91,-3.004,0.0386,0.0459,0,0.343,0.693,144.072,4
564,Out Of Exile,Audioslave,7lE5HfOza4ji2gIWL7UwK1,0.414,0.934,-4.102,0.0692,0.0593,0,0.181,0.797,165.614,4
565,Rehab,Amy Winehouse,3N4DI1vuTSX1tz7fa2NQZw,0.407,0.558,-13.609,0.0552,0.0541,1.51e-06,0.34,0.777,71.815,4
566,Crooked Teeth,Death Cab For Cutie,1crbFuCkGL4kXnAGd63RXq,0.579,0.662,-6.885,0.0245,0.000625,3.89e-06,0.117,0.574,102.951,4
567,I Dare You,Shinedown,2b86QdcYHnO4YRXqfqlmGH,0.55,0.921,-4.606,0.0312,5.51e-05,0.000214,0.0999,0.354,107.013,4
568,Wind It Up,Gwen Stefani,1GeECVH4Msg1zLm8DExkbH,0.961,0.9,-6.874,0.0678,0.309,0.000199,0.354,0.95,120.006,4
569,Paralyzed,Rock Kills Kid,6shNhMNMWS5YtQD2G4QAV2,0.598,0.894,-4.724,0.0384,6.42e-05,0.00156,0.112,0.929,127.015,4
570,Crazy Bitch,Buckcherry,5XfQTbialQHn9PhDb0p85H,0.661,0.978,-3.064,0.107,0.0247,0,0.0856,0.592,98.019,4
571,Ready To Fall,Rise Against,2r1yo1u0PHegpetacdrHh2,0.443,0.984,-3.794,0.077,0.000118,0.000593,0.0782,0.484,128.577,4
572,Nausea,Beck,2k8TkPeInwscYUqrFRoaDP,0.633,0.945,-4.529,0.0337,0.00233,0.00562,0.0871,0.95,114.862,4
573,Original Fire,Audioslave,0zY7SkbIByXGKak663jHuI,0.638,0.947,-2.811,0.054,0.0103,0.0727,0.386,0.7,124.162,4
574,Fall into Sleep,Mudvayne,0UvuqCD6ktYwIW97Pn4p2o,0.464,0.899,-3.814,0.0597,0.00367,0.00035,0.11,0.328,146.121,4
575,Lonely Train,Black Stone Cherry,5lIqY3Yb3bPj5z1tiUIiCJ,0.394,0.834,-3.296,0.0767,0.0202,0,0.309,0.438,123.6,4
576,Call Me When You're Sober,Evanescence,663Karu2rvKLdnY0eo1n3M,0.45,0.883,-4.094,0.0524,0.00193,0,0.293,0.328,93.41,4
577,The Enemy,Godsmack,0NLawlO6diSdXO9eHnFJXO,0.347,0.836,-6.761,0.0293,6.64e-06,0.811,0.331,0.703,80.661,4
578,Victim,Eighteen Visions,38RTTDR84odCz5gQrLuZQR,0.471,0.979,-4.032,0.0832,4.29e-05,0,0.668,0.751,155.054,4
579,Devil's Got A New Disguise,Aerosmith,2KRrFmDPcwWL7HLeX5Xkdk,0.548,0.952,-3.192,0.0596,0.000452,5.46e-05,0.263,0.543,124.776,4
580,Coming Undone,Korn,3o7TMr6RmIusYH7Kkg7ujR,0.687,0.677,-4.172,0.0508,0.000643,0.000137,0.0564,0.545,75.052,4
581,Move,Thousand Foot Krutch,5tXPbEbEouMSEbqQHO0qQa,0.531,0.836,-5.204,0.101,0.00109,0,0.0447,0.637,169.171,4
582,Patience,Take That,0v0EZLRftWKqvFfwurjw02,0.309,0.783,-4.154,0.0405,0.142,1.11e-06,0.118,0.372,175.788,4
583,Falls Apart,Hurt,0N48Iqm5s1DVkiBSF2e2et,0.507,0.684,-6.23,0.0506,0.00665,2.85e-05,0.115,0.371,146.021,4
584,Seize The Day,Avenged Sevenfold,7HKRWMTErKh56EIBeFcmdf,0.393,0.802,-4.499,0.0367,0.0168,0,0.193,0.338,140.101,4
585,Ten Thousand Fists,Disturbed,5hkgrWxkobGtg30I7DsfVu,0.54,0.977,-3.409,0.0878,2.55e-05,0.0553,0.0533,0.211,106.911,4
586,Rapture,Hurt,00WXjbcR195RztyuAQ90ub,0.444,0.702,-6.799,0.0608,0.00641,7.75e-06,0.217,0.27,148.096,4
587,Chasing Cars,Snow Patrol,11bD1JtSjlIgKgZG2134DZ,0.563,0.592,-4.571,0.0276,0.209,5.08e-05,0.132,0.136,104.016,4
588,I Don't Feel Like Dancin',Scissor Sisters,13pyGLYmBjYgvOMIEivX2K,0.71,0.917,-3.385,0.0287,0.018,0,0.335,0.83,108.031,4
589,Goodbye For Now,P.O.D.,6UO0TGTr33kZLXG4PxRYZx,0.524,0.885,-5.105,0.0484,0.00246,0,0.137,0.442,95.05,4
590,All These Things I Hate (Revolve Around Me),Bullet for My Valentine,0CbESIyx34Usxoy7emUEBd,0.488,0.88,-3.505,0.0513,0.0303,0,0.288,0.485,94.004,3
591,Next 2 You,Buckcherry,4OoqIpDskpu1NozNgXVhvm,0.532,0.98,-2.914,0.0528,0.0649,0,0.0766,0.677,104.987,4
592,Revelations,Audioslave,22wnEMAQaNrbot1dwmeucH,0.534,0.882,-4.161,0.0482,0.00785,0,0.107,0.368,113.045,4
593,Ugly,Sevendust,5FSA04GmCNCVS7HSqFeY1E,0.217,0.928,-5.317,0.0882,0.000439,0.00762,0.131,0.237,99.004,4
594,Devil's Daughter,Silvertide,6kVyGgWHiO8eIAqY0wR0SD,0.6,0.972,-3.347,0.0977,0.117,0,0.818,0.687,121.046,4
595,Walk Away,Kelly Clarkson,25sA1vM4BFkTb5cJGWftFo,0.75,0.888,-4.524,0.0426,0.0147,1.11e-06,0.0759,0.935,115.973,4
596,Heroes,Shinedown,3mwLIWu6drN0n6t9e5bwjG,0.379,0.901,-4.81,0.0349,6.84e-05,2.97e-05,0.0933,0.691,168.976,4
597,Wings Of A Butterfly,HIM,5OdIePuf9dXmsJmQ98jRMp,0.432,0.776,-3.474,0.0443,0.0152,0.0153,0.834,0.667,128.038,4
598,Here (In Your Arms),Hellogoodbye,3iOy5zzNirhedBMT715TDS,0.705,0.6,-6.982,0.0373,0.193,0.00183,0.28,0.779,126.038,4
599,Beast And The Harlot,Avenged Sevenfold,6FVYwnVrnAEIRnY3bHJb46,0.37,0.981,-3.296,0.0633,6.28e-05,0.00225,0.331,0.413,155.177,4
600,Naive,The Kooks,2RUhtNBh43RtSg0WBPPq3m,0.547,0.816,-6.165,0.0624,0.0688,0,0.127,0.722,102.765,4
601,Youth,Matisyahu,5JhL8fHTdeYPocej7ae95s,0.499,0.816,-4.651,0.0558,0.036,1.14e-05,0.128,0.484,134.479,4
602,Into The Ocean,Blue October,2SiqlgLMfKQbczSMRp8drY,0.758,0.606,-6.444,0.0325,0.282,0,0.144,0.361,107.95,4
603,Far Away,Nickelback,0ADZ5dmXhlfzjMw6lefoPl,0.518,0.797,-5.153,0.0309,0.000681,0,0.107,0.293,132.918,4
604,Hands Open,Snow Patrol,6DGdgBp6NxutVUafsnUdnN,0.515,0.973,-2.158,0.0481,0.000318,4.73e-06,0.116,0.536,123.983,4
605,Do I Make You Proud,Taylor Hicks,3lxFENvLW8nxXAbNfkZ7IJ,0.463,0.524,-8.207,0.0316,0.026,0,0.102,0.308,144.055,4
606,What I've Done,Linkin Park,18lR4BzEs7e3qzc0KVkTpU,0.623,0.93,-5.285,0.0324,0.0141,1.64e-06,0.138,0.287,120.119,4
607,The Pretender,Foo Fighters,7x8dCjCr0x6x2lXKujYD34,0.433,0.959,-4.04,0.0431,0.000917,0,0.028,0.365,172.984,4
608,Fake It,Seether,4eAwB5pnKFTmsgc3zWoYO0,0.611,0.95,-3.509,0.0518,0.00141,1.59e-06,0.0543,0.607,132.078,4
609,Psycho,Puddle of Mudd,3e2KBwxibC1rq4bA5TNKW2,0.573,0.897,-3.549,0.0553,0.00473,0,0.278,0.463,126.034,4
610,Never Too Late,Three Days Grace,3HE50TVRquwXe9yv2HFoNL,0.433,0.778,-4.68,0.0371,0.00838,0,0.163,0.217,149.864,4
611,Paralyzer,Finger Eleven,28IEbk5a7twNTbUEvWslUb,0.644,0.939,-3.486,0.0456,0.157,0,0.233,0.861,106.031,4
612,Ladies And Gentlemen,Saliva,48ncRBVLgiu8MY7O70VVw5,0.459,0.908,-4.937,0.046,0.000101,0.202,0.145,0.495,80.093,4
613,Long Road to Ruin,Foo Fighters,0bORa4VpL8NzyMXEI6UFGK,0.401,0.888,-3.793,0.0401,0.000367,0,0.12,0.365,146.781,4
614,Breath,Breaking Benjamin,4JXfNOePhdgMOI7KZ1L25U,0.347,0.868,-4.145,0.0467,0.00012,0.000273,0.0845,0.313,182.851,4
615,Shadow of the Day,Linkin Park,0OYcEfskah1egYHjYRvbg1,0.534,0.393,-7.813,0.0292,0.00479,0.0107,0.107,0.0641,110.007,4
616,Icky Thump,The White Stripes,2LMq1O0NiqGhPOlXo3McYQ,0.417,0.63,-7.24,0.0898,0.0209,0.0134,0.0543,0.341,94.214,4
617,Starlight,Muse,3skn2lauGk7Dx6bVIt5DVj,0.55,0.874,-4.046,0.0321,0.000436,1.02e-05,0.206,0.318,121.61,4
618,Makes Me Wonder,Maroon 5,1lHXlGlve5Zx8tXLhyjDwM,0.803,0.851,-2.429,0.0357,0.00485,0.000358,0.0577,0.881,113.996,4
619,Girlfriend,Avril Lavigne,45hOioMDJktr86iKDHC8gr,0.56,0.959,-2.433,0.102,0.000722,0.000221,0.209,0.669,163.983,4
620,Love Song,Sara Bareilles,4E6cwWJWZw2zWf7VFbH7wf,0.583,0.786,-3.142,0.0301,0.0208,0,0.188,0.573,123.055,4
621,Sillyworld,Stone Sour,3tOJwyB7UQnfivxpPFdLuM,0.36,0.782,-4.561,0.0452,0.000144,8.84e-06,0.102,0.306,159.985,4
622,Face Down,The Red Jumpsuit Apparatus,4wzjNqjKAKDU82e8uMhzmr,0.545,0.932,-2.189,0.0399,0.000665,0,0.127,0.464,92.956,4
623,I Get It,Chevelle,3K8hcmiEnCiVFqqHoMMz4q,0.506,0.963,-3.805,0.0709,9.2e-05,0.000424,0.147,0.352,124.462,4
624,Almost Easy,Avenged Sevenfold,0DkmhHO4yyqCJFjosmmWPU,0.378,0.959,-4.615,0.062,3.56e-05,0.000138,0.102,0.338,174.932,4
625,Forever,Papa Roach,7zQ5nqAKKfk0gtBgV70gyq,0.575,0.591,-5.916,0.028,0.0173,0,0.173,0.332,107.967,4
626,Bleed It Out,Linkin Park,0UFDKFqW2oGspYeYqo9wjA,0.529,0.967,-3.647,0.0508,0.114,0,0.61,0.596,140.127,4
627,The Enemy,Godsmack,0NLawlO6diSdXO9eHnFJXO,0.347,0.836,-6.761,0.0293,6.64e-06,0.811,0.331,0.703,80.661,4
628,Given Up,Linkin Park,1fLlRApgzxWweF1JTf8yM5,0.655,0.885,-4.116,0.0438,0.00117,0.000473,0.0448,0.938,100.088,4
629,I Don't Wanna Stop,Ozzy Osbourne,5axOkQnmQmwtjr4bv1Xt7i,0.578,0.937,-3.926,0.0724,0.000963,2.25e-06,0.4,0.769,137.937,4
630,Hey There Delilah,Plain White T's,4RCWB3V8V0dignt99LZ8vH,0.656,0.291,-10.572,0.0293,0.872,0,0.114,0.298,103.971,4
631,Famous Last Words,My Chemical Romance,2d6m2F4I7wCuAKtSsdhh83,0.467,0.883,-3.679,0.106,0.000321,0.000152,0.125,0.309,122.252,4
632,Survivalism,Nine Inch Nails,6iuRL2eQNTNQ2trVdbBYsE,0.618,0.675,-5.723,0.0679,0.000892,0.216,0.133,0.354,129.983,4
633,It's Not Over,Daughtry,234RqTZmnDTnxWlVciXHLD,0.428,0.919,-3.245,0.0618,0.0503,0,0.245,0.294,145.927,4
634,Supermassive Black Hole,Muse,3lPr8ghNDBLc2uZovNyLs9,0.668,0.921,-3.727,0.0439,0.0492,0.00517,0.0877,0.782,120.0,4
635,Revelations,Audioslave,22wnEMAQaNrbot1dwmeucH,0.534,0.882,-4.161,0.0482,0.00785,0,0.107,0.368,113.045,4
636,How Long,Hinder,7D1KsjTZcz9id7w7uinStW,0.563,0.947,-4.746,0.0501,0.000117,9.96e-06,0.33,0.569,122.053,4
637,Prayer Of The Refugee,Rise Against,4OSbctVD37ycS0H3rwRm72,0.2,0.977,-3.494,0.159,0.00165,1.1e-05,0.259,0.39,195.711,4
638,Famous,Puddle of Mudd,7Ml1vXT6LaH34jVBGYygWY,0.406,0.932,-3.386,0.0936,6.13e-05,0,0.053,0.29,130.084,4
639,Gimme More,Britney Spears,6ic8OlLUNEATToEFU3xmaH,0.788,0.844,-3.131,0.0334,0.25,0.000678,0.0723,0.382,113.324,4
640,Ten Thousand Fists,Disturbed,5hkgrWxkobGtg30I7DsfVu,0.54,0.977,-3.409,0.0878,2.55e-05,0.0553,0.0533,0.211,106.911,4
641,Empty Walls,Serj Tankian,16pmJwwNFVCqdXWPZtwZzh,0.464,0.963,-3.568,0.0484,0.00161,0,0.196,0.528,160.071,4
642,Level,The Raconteurs,5HkLVhdVOifwVzQhuh51dL,0.519,0.666,-9.732,0.0645,0.101,0.346,0.118,0.274,146.467,4
643,So Hott,Kid Rock,1SByxvzTeuhTtPLWuuO5G8,0.635,0.926,-3.056,0.0517,0.000497,0.0412,0.0994,0.598,112.984,4
644,Until the End,Breaking Benjamin,0ZEeEZnZ496lE6kN7bmSrp,0.298,0.927,-4.396,0.0995,0.00021,0,0.296,0.389,133.997,4
645,She Builds Quick Machines,Velvet Revolver,5kwVVnZ8ZjJanBbGmrbHsb,0.333,0.883,-4.486,0.0403,0.000193,0.259,0.313,0.673,148.818,4
646,"This Ain't A Scene, It's An Arms Race",Fall Out Boy,1oagRT7LfpVlNJN6FSZDGp,0.435,0.887,-4.07,0.0636,0.000747,0,0.0327,0.408,199.935,4
647,Ten Ton Brick,Hurt,4DPvNH37oJcv3LdMJMZGUi,0.51,0.824,-4.194,0.0593,0.00131,5.61e-06,0.0772,0.379,167.16,4
648,Piece of Me,Britney Spears,2EvwLVrnYbCZEG6Kx5DCRy,0.769,0.638,-5.054,0.216,0.0902,0,0.0857,0.782,115.007,4
649,Sorry,Buckcherry,0EbnUc05YEKhZRKgbrZWpq,0.54,0.773,-3.627,0.0288,0.0315,0,0.176,0.381,130.952,4
650,Grace Kelly,Mika,7dzUZec5MnWMyQnk5klnKR,0.671,0.82,-5.796,0.048,0.0194,0.0133,0.361,0.685,122.361,4
651,Misery Business,Paramore,6SpLc7EXZIPpy0sVko0aoU,0.517,0.906,-3.677,0.0735,0.00272,9.26e-06,0.113,0.731,172.977,4
652,Stop and Stare,OneRepublic,1KYboK62JPwNXnzX9V71G8,0.329,0.866,-4.328,0.0484,0.0724,0,0.0869,0.257,184.793,4
653,Home,Daughtry,2mobr1UlKjhxDTOVqng3jw,0.443,0.853,-3.885,0.0361,0.00217,1.77e-06,0.198,0.338,143.986,4
654,Becoming the Bull,Atreyu,2MMrjobPrVLrozyfFXsFJx,0.488,0.936,-3.431,0.0699,0.000435,1e-05,0.106,0.398,95.009,4
655,Thrash Unreal,Against Me!,3c3XnCPwxGhQEHFxxjQcWe,0.555,0.839,-3.583,0.0483,0.000114,0.0574,0.102,0.637,124.877,4
656,Crushcrushcrush,Paramore,3VA4sjTMSTTF02hFGmlpJh,0.631,0.793,-4.086,0.0468,0.000218,5.65e-05,0.0976,0.648,136.96,4
657,Well Enough Alone,Chevelle,2mMb3id4Cg7iTwz92wPrTu,0.484,0.879,-4.397,0.0767,0.00024,8.96e-05,0.328,0.286,121.989,4
658,Never Again,Kelly Clarkson,24y3tSyLdRbpVsKhQrR2oj,0.514,0.91,-2.978,0.0714,0.00168,0.00187,0.224,0.472,145.907,4
659,Dig,Incubus,5wvYib82q05wiNjLElD8GJ,0.45,0.895,-4.739,0.0386,0.0293,0,0.116,0.463,77.577,4
660,Straight Lines,Silverchair,5uPO2eBKEdmBT3XtZ76VVa,0.543,0.655,-6.392,0.0289,0.0317,0.00237,0.109,0.165,127.471,4
661,Made Of Scars,Stone Sour,6zPEFBYYo7oMqFiyK7RXJs,0.529,0.841,-4.025,0.0428,5.16e-06,0.000846,0.0404,0.283,101.695,4
662,Rise Today,Alter Bridge,3enGDkTT43WDkJoOP4S8Jl,0.315,0.964,-4.034,0.16,0.00254,4.77e-06,0.13,0.15,159.386,4
663,All These Things I Hate (Revolve Around Me),Bullet For My Valentine,0CbESIyx34Usxoy7emUEBd,0.488,0.88,-3.505,0.0513,0.0303,0,0.288,0.485,94.004,3
664,Amen,Kid Rock,1C8QGWHQeHOCte0bB1dCHk,0.701,0.794,-4.286,0.0338,0.036,0,0.223,0.294,103.994,4
665,The Good Left Undone,Rise Against,3Effll2C7OnP2isgbVPJje,0.179,0.979,-3.803,0.145,0.000212,1.72e-06,0.131,0.524,197.022,5
666,Hard Sun,Eddie Vedder,0fzCtVM9D5UEwiLqcY8Ouq,0.438,0.827,-6.531,0.0328,0.0512,0.000402,0.319,0.645,143.377,4
667,Not Going Away,Ozzy Osbourne,7xyauCIams30DLpAplU2PW,0.457,0.91,-4.254,0.0438,0.0034,0,0.365,0.538,83.959,4
668,Riot,Three Days Grace,1Q2fYlSdwuutWj3QplhY9q,0.185,0.948,-3.892,0.147,0.0104,0,0.105,0.316,196.578,3
669,Believe,The Bravery,4Wvr1YaxNsCujq77dKujys,0.385,0.949,-3.369,0.0459,0.00501,2.13e-06,0.113,0.517,166.137,4
670,Evolution,Korn,4PaPZk1Ozg0TfDTBnbXX38,0.651,0.885,-4.925,0.0548,0.0627,0.0178,0.239,0.536,102.93,4
671,Breathe Into Me,Red,5BrxQCdse2b424hlurCvGz,0.32,0.91,-5.321,0.114,0.000997,0,0.16,0.22,165.943,4
672,Phantom Limb,The Shins,3NPiFBw3mA9qbJfo0nhk6X,0.515,0.848,-4.835,0.0375,0.000486,0,0.0946,0.475,119.84,4
673,Homecoming Queen,Hinder,60KfHY1Mt5iCleJpsIXrJ2,0.496,0.941,-4.968,0.0575,0.000473,0.0166,0.414,0.651,120.047,4
674,About You Now,Sugababes,4J6zcs7YMYiKBLjJUPMHLc,0.552,0.726,-6.017,0.043,0.000104,1.77e-05,0.483,0.658,164.954,4
675,The Last Fight,Velvet Revolver,6DEQ7nhcQXs1rQuWi2DoLJ,0.261,0.783,-4.335,0.0321,0.00088,0.0001,0.0753,0.463,185.076,4
676,All Around Me,Flyleaf,1zN6ynJG4PdR61YWv4PQ3Y,0.473,0.871,-4.893,0.0456,0.0216,0,0.0525,0.47,146.975,4
677,Dull Boy,Mudvayne,6TZ9bryRYVFYrvmEtzAvDu,0.598,0.953,-4.487,0.193,0.00148,2.3e-06,0.23,0.312,142.97,4
678,The Missing Frame,AFI,3DhdwJFwsLdrqNhLrekwTR,0.466,0.914,-4.316,0.0472,4.45e-05,0.0067,0.159,0.4,132.13,4
679,Dance Of The Manatee,Fair To Midland,5hxLWaKnaDQ2f0NdGuV0Ch,0.475,0.891,-5.042,0.0541,0.00141,0,0.0908,0.645,107.026,4
680,Stiff Kittens,Blaqk Audio,0iuPM2DAcdLPR2Nqm7ZQbP,0.608,0.946,-2.817,0.0385,0.0178,1.41e-05,0.0617,0.695,120.041,4
681,Shine,Take That,0HymmN4yq935nqPLMjKNit,0.581,0.852,-3.4,0.0372,0.0312,0,0.103,0.765,90.01,4
682,When You're Gone,Avril Lavigne,54JKnDB3CzVu8wNAOM27BI,0.457,0.719,-3.921,0.0323,0.191,0,0.228,0.168,142.034,4
683,Far Behind,Social Distortion,5HLLD7xSN2DIMQDG7Tw2wv,0.232,0.979,-2.397,0.0692,0.00331,1.11e-05,0.351,0.342,174.753,4
684,The Running Free,Coheed And Cambria,6b6ex5nU1Otcj35ETEZoRV,0.476,0.948,-4.343,0.117,0.0183,0,0.11,0.623,169.974,4
685,Hold On,Korn,2auOcw84LOvAYpbImw8Tid,0.598,0.981,-3.901,0.0945,0.000354,0.819,0.0902,0.151,99.994,4
686,You Wouldn't Know,HellYeah,0cnySM1Mlep9l9Y2fKo04w,0.409,0.916,-3.181,0.0511,0.000248,0.0113,0.125,0.12,147.171,4
687,If I Had Eyes,Jack Johnson,3FnkZFv7kbxwlgaLgbqeDc,0.794,0.569,-8.057,0.037,0.663,0.00336,0.0898,0.705,92.915,4
688,Everything,Buckcherry,0Zetoi3QKwFaAfg54IzBDW,0.539,0.938,-3.746,0.0475,0.0207,3.54e-06,0.0709,0.362,128.044,4
689,Soldiers,Drowning Pool,6JJC9WTCeV0tlV18KFB7uv,0.568,0.849,-6.849,0.0503,0.00145,0.000281,0.315,0.267,108.447,4
690,My Curse,Killswitch Engage,6zKF4293k44ItKWJJgrhXv,0.197,0.956,-2.908,0.0663,7.61e-05,0.00992,0.261,0.209,177.018,3
691,Big Casino,Jimmy Eat World,463wBlCYhDPuOVvAU8bS1h,0.491,0.978,-3.654,0.0493,9.76e-05,0,0.373,0.524,136.007,4
692,Scream Aim Fire,Bullet for My Valentine,45YjbmNrNU5JIUqDeVpVkR,0.359,0.994,-4.232,0.084,0.000116,5.89e-06,0.0816,0.16,100.146,4
693,Liar (It Takes One To Know One),Taking Back Sunday,5heRy6IDNiQXDJf1tZ6SUc,0.436,0.946,-4.755,0.103,0.00121,0,0.215,0.603,93.544,4
694,Drown You Out,Crossfade,69tq9M9yR3RhHsI0Iz19b6,0.42,0.801,-5.08,0.0459,4.92e-05,0,0.309,0.399,94.9,4
695,Far Cry,Rush,4oln108lelSadoqEFlwCZi,0.546,0.919,-4.244,0.0314,0.00148,2.03e-06,0.665,0.704,124.989,4
696,Use Somebody,Kings of Leon,5VGlqQANWDKJFl0MBG3sg2,0.276,0.715,-5.356,0.0432,0.00552,0.000417,0.201,0.173,137.028,4
697,Psycho,Puddle Of Mudd,3e2KBwxibC1rq4bA5TNKW2,0.573,0.897,-3.549,0.0553,0.00473,0,0.278,0.463,126.034,4
698,Inside the Fire,Disturbed,5cxp9kjCFyJwzv3lzeX7ku,0.463,0.962,-6.43,0.0704,0.000233,0.109,0.0906,0.66,94.003,4
699,Second Chance,Shinedown,0CwYG1UnRmOx8Q1EzElCIL,0.46,0.796,-4.501,0.0333,0.00107,0,0.106,0.182,100.011,4
700,Long Road To Ruin,Foo Fighters,0bORa4VpL8NzyMXEI6UFGK,0.401,0.888,-3.793,0.0401,0.000367,0,0.12,0.365,146.781,4
701,Sex on Fire,Kings of Leon,0ntQJM78wzOLVeCUAW7Y45,0.542,0.905,-5.653,0.054,0.00172,0.0104,0.136,0.374,153.398,4
702,The Day That Never Comes,Metallica,2gqzkEF88vMclfRZEIOnQO,0.334,0.986,-1.046,0.0576,0.000114,0.0353,0.0805,0.48,124.668,4
703,Viva La Vida,Coldplay,1mea3bSkSGXuIRvnydlB5b,0.486,0.617,-7.115,0.0287,0.0954,3.23e-06,0.109,0.417,138.015,4
704,Pork and Beans,Weezer,7wclPheMJAUKn2njmO2s3A,0.599,0.624,-6.622,0.0339,0.0109,8.06e-06,0.158,0.706,119.838,4
705,It's Not My Time,3 Doors Down,0uybt73QFXaLCoxuVf6fhm,0.532,0.935,-4.798,0.0619,0.00133,8.37e-06,0.106,0.309,128.025,4
706,Shadow Of The Day,Linkin Park,0OYcEfskah1egYHjYRvbg1,0.534,0.393,-7.813,0.0292,0.00479,0.0107,0.107,0.0641,110.007,4
707,Almost Easy,Avenged Sevenfold,0DkmhHO4yyqCJFjosmmWPU,0.378,0.959,-4.615,0.062,3.56e-05,0.000138,0.102,0.338,174.932,4
708,Let It Die,Foo Fighters,2XvrMHbSO077Ajg7QTTNdY,0.596,0.557,-6.401,0.0299,0.027,1.64e-05,0.0914,0.314,124.023,4
709,Believe,Staind,098lPAWl2OmsCx64TXH5OQ,0.537,0.736,-4.721,0.0284,0.000659,0.00281,0.15,0.227,113.933,4
710,Cyanide,Metallica,2LfonCFEOzFedikP12rTeo,0.313,0.993,-0.463,0.0751,0.000119,0.000335,0.303,0.497,129.255,4
711,Womanizer,Britney Spears,4fixebDZAVToLbUCuEloa2,0.724,0.695,-5.226,0.0622,0.073,0,0.0889,0.235,139.0,4
712,Believe,The Bravery,4Wvr1YaxNsCujq77dKujys,0.385,0.949,-3.369,0.0459,0.00501,2.13e-06,0.113,0.517,166.137,4
713,Something in Your Mouth,Nickelback,6wO0vMRAJB0r1lEWBJZNOq,0.663,0.977,-3.024,0.0575,0.00137,1.77e-05,0.173,0.746,129.975,4
714,I Get It,Chevelle,3K8hcmiEnCiVFqqHoMMz4q,0.506,0.963,-3.805,0.0709,9.2e-05,0.000424,0.147,0.352,124.462,4
715,Hot n Cold,Katy Perry,1y4eb6hmAvsqlDOl3fx9kk,0.706,0.841,-3.956,0.0418,7.95e-05,0,0.0688,0.861,132.032,4
716,Given Up,Linkin Park,1fLlRApgzxWweF1JTf8yM5,0.655,0.885,-4.116,0.0438,0.00117,0.000473,0.0448,0.938,100.088,4
717,Crushcrushcrush,Paramore,3VA4sjTMSTTF02hFGmlpJh,0.631,0.793,-4.086,0.0468,0.000218,5.65e-05,0.0976,0.648,136.96,4
718,Rise Above This,Seether,4dZ4iHhsqQAQ4em4abLB6C,0.533,0.83,-3.092,0.0324,0.011,2.98e-06,0.0801,0.249,120.028,4
719,Devour,Shinedown,65f3M1uGKcxbCpXP3KLUOm,0.337,0.981,-3.54,0.141,6.68e-05,0.000717,0.0697,0.228,176.995,4
720,Bad Girlfriend,Theory of a Deadman,5m7on0zpnmeAXy72ANrmfU,0.504,0.957,-2.657,0.0529,0.00298,0,0.187,0.676,135.013,4
721,Chinese Democracy,Guns N' Roses,0zoK1L5JxJbyk7T2nw367B,0.474,0.8,-10.472,0.0775,0.000769,0.0309,0.131,0.156,133.94,4
722,Indestructible,Disturbed,42ZVk59gT4tMlrZmd8Ijxf,0.429,0.966,-4.605,0.0733,0.000209,0.124,0.371,0.525,179.956,4
723,The Good Left Undone,Rise Against,3Effll2C7OnP2isgbVPJje,0.179,0.979,-3.803,0.145,0.000212,1.72e-06,0.131,0.524,197.022,5
724,Breakdown,Seether,0Q9f1NBvKCC37V4oJVEgCh,0.417,0.871,-3.54,0.039,0.000483,3.43e-05,0.0867,0.188,142.003,4
725,Until The End,Breaking Benjamin,0ZEeEZnZ496lE6kN7bmSrp,0.298,0.927,-4.396,0.0995,0.00021,0,0.296,0.389,133.997,4
726,Let It Rock,Kevin Rudolf,6TrNRd98WksT9Kkmx9uj6R,0.607,0.783,-4.41,0.0397,0.000683,0,0.0678,0.434,113.172,4
727,Addicted,Saving Abel,3pxCXv0NACYfYnLjFcQW5D,0.512,0.864,-4.146,0.0338,0.000821,0,0.0982,0.527,138.018,4
728,Do What You Do,Mudvayne,4Icu8prpEka7ufeeyVlj7a,0.498,0.974,-2.649,0.144,0.00203,0,0.167,0.646,165.043,4
729,If I Had Eyes,Jack Johnson,3FnkZFv7kbxwlgaLgbqeDc,0.794,0.569,-8.057,0.037,0.663,0.00336,0.0898,0.705,92.915,4
730,Gives You Hell,The All-American Rejects,6ihL9TjfRjadfEePzXXyVF,0.718,0.691,-6.44,0.0387,0.0159,0,0.0627,0.552,100.008,4
731,Down And Out,Tantric,6xR41nXtGrZ8d5PuMq4MyN,0.562,0.862,-4.928,0.0439,0.196,0,0.0962,0.692,86.998,4
732,Love Me Dead,Ludo,3IlYkyctlcTqXAZOA4ZPzz,0.598,0.794,-2.551,0.055,0.00158,0,0.0794,0.373,120.917,4
733,Broken Again,Another Animal,6KqqC7qTXkOHD4bZ0C8eV6,0.448,0.791,-4.829,0.0364,0.0003,0,0.174,0.194,135.664,4
734,Hammerhead,The Offspring,6LGeOxAohAJTZ0fxKXMqXa,0.484,0.953,-3.587,0.0515,0.00168,0.00557,0.0753,0.526,154.454,4
735,Bodysnatchers,Radiohead,4pWIwnnqx8k01fuF95UMIg,0.342,0.976,-4.986,0.0573,0.00443,0.0175,0.0974,0.733,166.663,4
736,The Bleeding,Five Finger Death Punch,4l4ytfBCPSovTX8CB5li3m,0.32,0.811,-5.568,0.0504,0.00149,0,0.0986,0.124,159.958,4
737,Well Thought Out Twinkles,Silversun Pickups,0dQnUUdHMoTQaaaoAotAZC,0.506,0.899,-4.392,0.0344,4.88e-05,0.00574,0.162,0.534,122.163,4
738,Circus,Britney Spears,7jk7gqyEonmVVYahZN5zhW,0.791,0.733,-5.215,0.052,0.147,0.000381,0.0713,0.761,114.98,4
739,Hold On,Korn,2auOcw84LOvAYpbImw8Tid,0.598,0.981,-3.901,0.0945,0.000354,0.819,0.0902,0.151,99.994,4
740,Falling Down,Atreyu,02hZI7ecPijbO156E9d4iE,0.443,0.963,-3.178,0.214,0.000958,3.11e-05,0.366,0.48,176.99,4
741,Lost!,Coldplay,1STAWoWHYJh2UVUx41pYMD,0.359,0.779,-7.52,0.0412,0.0057,0.837,0.379,0.582,86.951,4
742,Undead,Hollywood Undead,5wBLDkxVvclanSitx5jq8e,0.512,0.943,-5.185,0.106,0.0138,0,0.261,0.485,163.128,4
743,Decode,Paramore,1ZLtE9tSJdaUiIJ9YoKHQe,0.28,0.87,-4.219,0.0592,0.000686,0.00608,0.101,0.284,164.057,4
744,Train,3 Doors Down,65NzNVv3O6nxffiXXeL9ZT,0.446,0.885,-5.026,0.0704,0.00187,9.94e-06,0.174,0.583,169.863,4
745,Shake It,Metro Station,5619Ojc6t9evEEs3B7Drhe,0.618,0.955,-3.836,0.0798,0.00221,3.09e-06,0.486,0.79,150.034,4
746,Amen,Kid Rock,1C8QGWHQeHOCte0bB1dCHk,0.701,0.794,-4.286,0.0338,0.036,0,0.223,0.294,103.994,4
747,Re-Education (Through Labor),Rise Against,6c1Bdvp208X0jbLmFnWbkC,0.243,0.947,-3.388,0.102,0.000417,3.41e-05,0.133,0.338,147.586,4
748,You Found Me,The Fray,4IoYz8XqqdowINzfRrFnhi,0.338,0.803,-5.412,0.0413,0.0187,0,0.136,0.4,151.994,4
749,Riot,Three Days Grace,1Q2fYlSdwuutWj3QplhY9q,0.185,0.948,-3.892,0.147,0.0104,0,0.105,0.316,196.578,3
750,Paper Planes,M.I.A.,1ixbwbeBi5ufN4noUKmW5a,0.447,0.848,-6.175,0.222,0.033,7.46e-05,0.65,0.485,172.253,4
751,So Happy,Theory of a Deadman,796KVmeIoTOek76YwNduEL,0.462,0.95,-3.94,0.0705,0.00116,0,0.268,0.252,134.089,4
752,The Fad,Chevelle,3booZW0BKQ8En18KSxsZPr,0.447,0.917,-4.332,0.0873,2.46e-05,0.0374,0.0809,0.34,100.692,4
753,Help Me,Alkaline Trio,1Fy9hQQLek2UpOYUEPjiYn,0.513,0.943,-3.982,0.0619,7.13e-05,3.75e-06,0.164,0.528,116.999,4
754,In This City,Iglu & Hartly,4pJoawzi2dt8J6V6J25pOa,0.697,0.838,-3.004,0.0352,0.000896,0,0.0434,0.593,120.019,4
755,Family Reunion,Saliva,1GsPFn8V5GNwQJcJiug0o1,0.447,0.937,-4.466,0.0564,0.00011,0.169,0.163,0.571,179.928,4
756,Troublemaker,Weezer,4r53Y7uKvyXCU7a9dsnb58,0.652,0.74,-7.93,0.0313,0.0164,0,0.142,0.82,131.476,4
757,What About Now,Daughtry,3x80T4dEFK7tDFzpxA6Dml,0.358,0.836,-2.821,0.0419,0.0724,0,0.15,0.252,162.007,4
758,Use Me,Hinder,2e8r5YIPMCxXVJPPfwaSK8,0.493,0.979,-3.081,0.0708,0.000292,0.00115,0.378,0.438,134.053,4
759,Handlebars,Flobots,6JH9yWhgbm0y9iAJhCslNc,0.704,0.571,-7.136,0.0969,0.0222,0,0.101,0.524,141.888,4
760,Kids,MGMT,1jJci4qxiYcOHhQR247rEU,0.451,0.931,-3.871,0.0719,0.00076,0.0049,0.361,0.172,122.961,4
761,"Too Much, Too Young, Too Fast",Airbourne,6fhpnwCBLVamyD7gkZhXjt,0.592,0.813,-7.154,0.0465,0.0014,0.000966,0.336,0.384,114.038,4
762,Issues,The Saturdays,1sWZtdyo3GBQgy3LoAwk5P,0.702,0.808,-5.993,0.033,0.0608,0,0.247,0.707,110.996,4
763,37 Stitches,Drowning Pool,4xvNjUqX0t9ilsXSARVg13,0.359,0.897,-6.359,0.095,0.00142,0.000559,0.105,0.355,157.88,4
764,Scream Aim Fire,Bullet For My Valentine,45YjbmNrNU5JIUqDeVpVkR,0.359,0.994,-4.232,0.084,0.000116,5.89e-06,0.0816,0.16,100.146,4
765,Human,The Killers,1sTsuZTdANkiFd7T34H3nb,0.557,0.8,-8.477,0.0601,0.00132,0.0012,0.0906,0.582,135.47,4
766,The Time of My Life,David Cook,6avyV3xlz2UFeiAUZ0SqyT,0.414,0.578,-6.383,0.0287,0.0541,0,0.124,0.281,154.96,3
767,Slow Burn,Atreyu,3SVk1pRtLGxn7xtiqJwmZZ,0.453,0.955,-4.559,0.132,0.00506,0,0.204,0.361,154.974,4
768,Spaceman,The Killers,1A8SxnqRK3qabmuN2qxIpa,0.525,0.904,-5.488,0.0532,0.00257,0.000648,0.12,0.803,151.988,4
769,Salute Your Solution,The Raconteurs,4I3573QbRpER4HPzyFSFJa,0.266,0.946,-2.855,0.171,0.00781,2.73e-06,0.26,0.498,168.465,4
770,Gotta Be Somebody,Nickelback,06T10fEzN8ZCcqzQZYA184,0.536,0.89,-5.222,0.0601,0.000354,0.00165,0.133,0.205,115.998,4
771,Two Weeks,All That Remains,0XT70Wk9pP8JZkmJhfntuL,0.558,0.943,-4.81,0.0535,0.00191,4.38e-05,0.248,0.56,111.994,4
772,Hell Yeah,Rev Theory,2qABxQZhfAthNxszLiSsUw,0.357,0.982,-3.41,0.107,0.000105,3.64e-06,0.0222,0.368,167.889,4
773,Untouched,The Veronicas,0KlahhzNb98zyN83Vwae0l,0.557,0.783,-4.893,0.234,0.0171,0.0172,0.151,0.442,177.008,4
774,Blind Man,Black Stone Cherry,2yEzGtqJB8ah8KWMmPAQMk,0.499,0.975,-3.722,0.0804,0.000369,0,0.0823,0.33,117.102,4
775,Burnin' Up,Jonas Brothers,2VEsmoek0sol9MnJFyoG9e,0.667,0.954,-3.462,0.0817,0.0296,0,0.331,0.807,114.03,4
776,Shadowplay,The Killers,6HbTF52swZiGSJ2cvAJ7PU,0.643,0.805,-7.238,0.0476,0.000781,0.578,0.393,0.352,145.029,4
777,Broken Strings,James Morrison,0tp2cUnCAcsR6xL5kw9HKu,0.569,0.716,-4.871,0.0297,0.0124,0,0.0727,0.307,111.946,4
778,Prodigal Son,Sevendust,7N0lfWsS6xhqPsPSy2Osta,0.408,0.94,-3.392,0.0719,0.000337,6.06e-05,0.5,0.796,173.874,4
779,Beautiful,10 Years,6AgtIN7FyBd4zJhZI7mrsz,0.499,0.736,-4.68,0.0323,0.00168,1.68e-06,0.162,0.227,131.909,4
780,Gamma Ray,Beck,2iWfZFAF8BCi0CY4NyuP8D,0.603,0.909,-4.213,0.0385,0.109,0.249,0.329,0.7,168.116,4
781,Black Rain,Ozzy Osbourne,1NXguUURlFigDpGEcdKVUT,0.539,0.874,-5.653,0.0484,0.0114,0,0.357,0.428,116.934,4
782,Watch Over You,Alter Bridge,7kxfWvj6u9oWQ5C36kMtGb,0.276,0.658,-5.418,0.0329,0.0836,0.000553,0.161,0.16,172.326,4
783,Hallelujah,Jeff Buckley,3pRaLNL3b8x5uBOcsgvdqM,0.324,0.136,-10.33,0.0318,0.931,0.00117,0.176,0.0831,97.256,3
784,Enemy,Drowning Pool,6UCt3BX5ZJ6kyux02trCNk,0.555,0.924,-5.227,0.039,1.84e-05,5.57e-05,0.09,0.485,108.996,4
785,New Divide,Linkin Park,6Wx88Mv6b9ofjKMKkdwOJd,0.493,0.808,-3.365,0.0362,0.000235,0,0.0983,0.38,117.971,4
786,Something In Your Mouth,Nickelback,6wO0vMRAJB0r1lEWBJZNOq,0.663,0.977,-3.024,0.0575,0.00137,1.77e-05,0.173,0.746,129.975,4
787,Uprising,Muse,4VqPOruhp5EdPBeR92t6lQ,0.602,0.905,-4.046,0.0775,0.000202,0.064,0.117,0.411,128.019,4
788,Check My Brain,Alice in Chains,2O2ii9OPZYh1NBXo9FtE0Y,0.441,0.845,-3.315,0.0462,3.28e-06,0.0533,0.723,0.304,113.989,4
789,Use Somebody,Kings Of Leon,5VGlqQANWDKJFl0MBG3sg2,0.276,0.715,-5.356,0.0432,0.00552,0.000417,0.201,0.173,137.028,4
790,Know Your Enemy,Green Day,5qtwzv99vOr5UTwnTixn7j,0.56,0.958,-3.245,0.0412,0.0016,4.96e-05,0.0643,0.961,129.984,4
791,Sound Of Madness,Shinedown,0W9Xvd4Qx1aZPxEi94vgRY,0.328,0.939,-1.654,0.0423,4.93e-05,0.0065,0.337,0.329,185.971,4
792,Break,Three Days Grace,4urxRqBRiaH0i20OKBsgxc,0.578,0.897,-3.906,0.0357,0.000666,0,0.0924,0.737,115.491,4
793,Cyanide,Metallica,2LfonCFEOzFedikP12rTeo,0.313,0.993,-0.463,0.0751,0.000119,0.000335,0.303,0.497,129.255,4
